name,start_node,end_node,length_m,free_flow_speed_mps,jam_density,number_of_lanes,highway,oneway
tc_1051498106_3200728316_0,1051498106,3200728316,10.785654199364071,13.411200000000001,0.2,1,residential,False
tc_1051503017_3200728316_0,1051503017,3200728316,8.058628710395913,13.411200000000001,0.2,1,residential,False
tc_10756047083_1245017210_0,10756047083,1245017210,14.0252600845797,8.940800000000001,0.2,1,primary,True
tc_10756047083_27537624_0,10756047083,27537624,38.09871709599974,8.940800000000001,0.2,1,primary,True
tc_10756047092_190546530_0,10756047092,190546530,13.495294429893653,8.940800000000001,0.2,1,primary,True
tc_10756047092_7853241886_0,10756047092,7853241886,49.544013379421614,8.940800000000001,0.2,1,secondary,True
tc_10756047097_190546518_0,10756047097,190546518,13.501358850194533,8.940800000000001,0.2,1,primary,True
tc_10756047097_7853241881_0,10756047097,7853241881,25.4180459513835,8.940800000000001,0.2,1,primary,True
tc_1118687152_3633077013_0,1118687152,3633077013,111.21518602151802,13.411200000000001,0.2,1,residential,False
tc_1118687438_1118687486_0,1118687438,1118687486,122.07817243228489,13.411200000000001,0.2,1,residential,False
tc_1118687438_3633027114_0,1118687438,3633027114,9.07975023212382,13.411200000000001,0.2,2,secondary,False
tc_1118687486_1118687438_0,1118687486,1118687438,122.0781724322849,13.411200000000001,0.2,1,residential,False
tc_11305234656_11305234657_0,11305234656,11305234657,12.63981575142469,8.88888888888889,0.2,1,residential,False
tc_11305234656_9554344877_0,11305234656,9554344877,273.04473190830873,8.88888888888889,0.2,1,residential,False
tc_11305234656_9554344885_0,11305234656,9554344885,19.360853211839515,8.88888888888889,0.2,1,residential,False
tc_11305234657_11305234656_0,11305234657,11305234656,12.63981575142469,8.88888888888889,0.2,1,residential,False
tc_11765834421_863281328_0,11765834421,863281328,7.901750057339426,13.411200000000001,0.2,1,residential,False
tc_11765834422_863281328_0,11765834422,863281328,8.571785978652743,13.411200000000001,0.2,1,residential,False
tc_12057395695_863282875_0,12057395695,863282875,6.355553586647693,13.411200000000001,0.2,1,residential,False
tc_1245017210_10756047097_0,1245017210,10756047097,5.401910040987209,8.940800000000001,0.2,1,primary,True
tc_1293046425_863283549_0,1293046425,863283549,23.22156715708045,13.411200000000001,0.2,1,residential,False
tc_1293046425_863284431_0,1293046425,863284431,24.42484375231717,13.411200000000001,0.2,1,residential,False
tc_1293046425_863284431_1,1293046425,863284431,28.3730541908721,13.411200000000001,0.2,1,residential,False
tc_1368354220_1368354220_0,1368354220,1368354220,127.96640692019372,13.411200000000001,0.2,1,residential,False
tc_1368354220_1368354220_1,1368354220,1368354220,127.96640692019372,13.411200000000001,0.2,1,residential,False
tc_1368354220_355710025_0,1368354220,355710025,83.21734470071088,13.411200000000001,0.2,1,residential,False
tc_1596861450_1596861459_0,1596861450,1596861459,61.68939120596217,8.88888888888889,0.2,1,residential,False
tc_1596861450_343450940_0,1596861450,343450940,699.9114612167307,8.88888888888889,0.2,1,unclassified,False
tc_1596861450_8856171269_0,1596861450,8856171269,59.097455385169894,8.88888888888889,0.2,1,unclassified,False
tc_1596861459_1596861450_0,1596861459,1596861450,61.68939120596217,8.88888888888889,0.2,1,residential,False
tc_1596861556_1596861557_0,1596861556,1596861557,72.55078058261235,13.411200000000001,0.2,1,residential,False
tc_1596861557_1596861556_0,1596861557,1596861556,72.55078058261235,13.411200000000001,0.2,1,residential,False
tc_1596861557_1596861558_0,1596861557,1596861558,21.602308642195755,13.411200000000001,0.2,1,residential,False
tc_1596861557_373310062_0,1596861557,373310062,186.37800052968373,13.411200000000001,0.2,1,residential,False
tc_1596861558_1596861557_0,1596861558,1596861557,21.602308642195755,13.411200000000001,0.2,1,residential,False
tc_1596861575_1596861576_0,1596861575,1596861576,104.63902732436985,8.940800000000001,0.2,1,residential,False
tc_1596861575_243978956_0,1596861575,243978956,69.46470089399567,8.940800000000001,0.2,1,residential,False
tc_1596861575_681623163_0,1596861575,681623163,31.88823728737392,8.940800000000001,0.2,1,residential,False
tc_1596861576_1596861575_0,1596861576,1596861575,104.63902732436986,8.940800000000001,0.2,1,residential,False
tc_1596861576_1596861578_0,1596861576,1596861578,22.913500526548173,8.940800000000001,0.2,1,residential,False
tc_1596861576_681623165_0,1596861576,681623165,31.478831933419407,8.940800000000001,0.2,1,residential,False
tc_1596861578_1596861576_0,1596861578,1596861576,22.913500526548173,8.940800000000001,0.2,1,residential,False
tc_1596861578_1596861581_0,1596861578,1596861581,71.39891085706371,8.940800000000001,0.2,1,residential,False
tc_1596861578_1596861584_0,1596861578,1596861584,55.92594129267738,8.940800000000001,0.2,1,residential,False
tc_1596861581_1596861578_0,1596861581,1596861578,71.3989108570637,8.940800000000001,0.2,1,residential,False
tc_1596861584_1596861578_0,1596861584,1596861578,55.92594129267738,8.940800000000001,0.2,1,residential,False
tc_1596861584_1596861587_0,1596861584,1596861587,29.28166847393771,8.940800000000001,0.2,1,residential,False
tc_1596861584_243978948_0,1596861584,243978948,197.37467543366802,8.940800000000001,0.2,1,residential,False
tc_1596861587_1596861584_0,1596861587,1596861584,29.28166847393771,8.940800000000001,0.2,1,residential,False
tc_1596955265_357457027_0,1596955265,357457027,111.12322771749776,8.940800000000001,0.2,1,unclassified,False
tc_1596955265_702179448_0,1596955265,702179448,51.51302395621363,13.411200000000001,0.2,2,primary,False
tc_1596955265_863380318_0,1596955265,863380318,294.47107658894924,13.411200000000001,0.2,2,primary,False
tc_1596955287_1596955401_0,1596955287,1596955401,243.7761560557456,8.940800000000001,0.2,1,residential,False
tc_1596955287_507056618_0,1596955287,507056618,21.755890293481016,8.940800000000001,0.2,2,primary,False
tc_1596955287_75632252_0,1596955287,75632252,70.86972002358438,8.940800000000001,0.2,2,primary,False
tc_1596955352_1596955398_0,1596955352,1596955398,28.307366562993124,8.940800000000001,0.2,1,unclassified,False
tc_1596955352_357457027_0,1596955352,357457027,99.16057814048551,8.940800000000001,0.2,1,unclassified,False
tc_1596955398_1596955352_0,1596955398,1596955352,28.307366562993124,8.940800000000001,0.2,1,unclassified,False
tc_1596955398_1596955352_1,1596955398,1596955352,50.06323813656747,8.940800000000001,0.2,1,unclassified,True
tc_1596955401_1596955287_0,1596955401,1596955287,243.77615605574553,8.940800000000001,0.2,1,residential,False
tc_1596955401_1596955444_0,1596955401,1596955444,151.56377236526163,8.940800000000001,0.2,1,residential,False
tc_1596955401_1596955449_0,1596955401,1596955449,256.02458379176835,8.940800000000001,0.2,1,residential,False
tc_1596955444_1596955401_0,1596955444,1596955401,151.56377236526163,8.940800000000001,0.2,1,residential,False
tc_1596955449_1596955401_0,1596955449,1596955401,256.02458379176835,8.940800000000001,0.2,1,residential,False
tc_1596955449_1596955449_0,1596955449,1596955449,49.431783153666444,8.940800000000001,0.2,1,residential,False
tc_1596955449_1596955449_1,1596955449,1596955449,49.43178315366646,8.940800000000001,0.2,1,residential,False
tc_1596955497_357452771_0,1596955497,357452771,36.443664883384095,8.940800000000001,0.2,1,residential,False
tc_1596955526_1596955531_0,1596955526,1596955531,40.26904222978784,13.411200000000001,0.2,1,residential,False
tc_1596955531_1596955526_0,1596955531,1596955526,40.26904222978784,13.411200000000001,0.2,1,residential,False
tc_1596955531_1596955567_0,1596955531,1596955567,108.51203882035445,13.411200000000001,0.2,1,residential,False
tc_1596955531_3633343332_0,1596955531,3633343332,385.7245361314995,13.411200000000001,0.2,1,residential,False
tc_1596955533_1596955568_0,1596955533,1596955568,60.27106837655583,8.940800000000001,0.2,1,residential,False
tc_1596955537_1596955544_0,1596955537,1596955544,18.727672133670414,13.411200000000001,0.2,1,residential,False
tc_1596955544_1596955537_0,1596955544,1596955537,18.727672133670414,13.411200000000001,0.2,1,residential,False
tc_1596955544_1596955547_0,1596955544,1596955547,13.864647737312996,8.88888888888889,0.2,1,residential,False
tc_1596955544_1596955646_0,1596955544,1596955646,153.68809848375176,13.411200000000001,0.2,1,residential,False
tc_1596955547_1596955544_0,1596955547,1596955544,13.864647737312996,8.88888888888889,0.2,1,residential,False
tc_1596955549_1596955568_0,1596955549,1596955568,66.90568174417169,8.940800000000001,0.2,1,residential,False
tc_1596955549_1596955595_0,1596955549,1596955595,42.353678472394876,8.940800000000001,0.2,1,residential,False
tc_1596955549_863400534_0,1596955549,863400534,66.24304448612705,8.940800000000001,0.2,1,residential,False
tc_1596955567_1596955531_0,1596955567,1596955531,108.51203882035446,13.411200000000001,0.2,1,residential,False
tc_1596955568_1596955533_0,1596955568,1596955533,60.27106837655583,8.940800000000001,0.2,1,residential,False
tc_1596955568_1596955549_0,1596955568,1596955549,66.90568174417169,8.940800000000001,0.2,1,residential,False
tc_1596955568_270355627_0,1596955568,270355627,26.85517468484373,8.940800000000001,0.2,1,residential,False
tc_1596955593_1596955595_0,1596955593,1596955595,14.924594783371058,8.940800000000001,0.2,1,residential,False
tc_1596955595_1596955549_0,1596955595,1596955549,42.353678472394876,8.940800000000001,0.2,1,residential,False
tc_1596955595_1596955593_0,1596955595,1596955593,14.924594783371058,8.940800000000001,0.2,1,residential,False
tc_1596955595_6790317437_0,1596955595,6790317437,67.36262142423735,8.940800000000001,0.2,1,residential,False
tc_1596955602_270355622_0,1596955602,270355622,93.95835243753444,8.940800000000001,0.2,1,residential,False
tc_1596955602_270355627_0,1596955602,270355627,204.77088360770676,8.940800000000001,0.2,1,residential,False
tc_1596955602_339398129_0,1596955602,339398129,90.63104078818897,8.940800000000001,0.2,1,residential,False
tc_1596955608_1596955643_0,1596955608,1596955643,73.59245066385857,13.411200000000001,0.2,1,residential,False
tc_1596955639_1596955646_0,1596955639,1596955646,169.2191430210283,13.411200000000001,0.2,1,residential,False
tc_1596955639_190982225_0,1596955639,190982225,14.924352483815255,13.411200000000001,0.2,2,primary,False
tc_1596955639_3633077013_0,1596955639,3633077013,65.66685660937961,13.411200000000001,0.2,2,primary,False
tc_1596955643_1596955608_0,1596955643,1596955608,73.59245066385857,13.411200000000001,0.2,1,residential,False
tc_1596955643_1596955645_0,1596955643,1596955645,268.7219999661093,13.411200000000001,0.2,1,residential,False
tc_1596955643_1596955646_0,1596955643,1596955646,60.94579120695427,13.411200000000001,0.2,1,residential,False
tc_1596955645_1596955643_0,1596955645,1596955643,268.7219999661093,13.411200000000001,0.2,1,residential,False
tc_1596955646_1596955544_0,1596955646,1596955544,153.68809848375176,13.411200000000001,0.2,1,residential,False
tc_1596955646_1596955639_0,1596955646,1596955639,169.2191430210283,13.411200000000001,0.2,1,residential,False
tc_1596955646_1596955643_0,1596955646,1596955643,60.94579120695427,13.411200000000001,0.2,1,residential,False
tc_1596979128_324285229_0,1596979128,324285229,97.8472339539733,8.940800000000001,0.2,1,residential,False
tc_1596979148_324275172_0,1596979148,324275172,65.19098789307566,13.411200000000001,0.2,1,residential,False
tc_1596979148_863287125_0,1596979148,863287125,58.67109938025436,13.411200000000001,0.2,1,residential,False
tc_1596979148_863288643_0,1596979148,863288643,117.67009400740753,13.411200000000001,0.2,1,residential,False
tc_1598385340_324283489_0,1598385340,324283489,71.20330065113787,13.411200000000001,0.2,1,residential,False
tc_1598385355_324283489_0,1598385355,324283489,115.71494653237723,13.411200000000001,0.2,1,residential,False
tc_1598385355_7711200217_0,1598385355,7711200217,30.675570152841487,13.411200000000001,0.2,1,unclassified,True
tc_1600534156_324265842_0,1600534156,324265842,63.13594074093542,13.411200000000001,0.2,2,tertiary,False
tc_1600534451_1598385355_0,1600534451,1598385355,16.093446493136806,13.411200000000001,0.2,1,unclassified,True
tc_1604219936_1604219940_0,1604219936,1604219940,24.67179608166385,8.940800000000001,0.2,1,residential,False
tc_1604219936_683646460_0,1604219936,683646460,51.815196978165034,8.940800000000001,0.2,1,residential,False
tc_1604219936_683646462_0,1604219936,683646462,65.24215984365595,8.940800000000001,0.2,1,residential,False
tc_1604219940_1604219936_0,1604219940,1604219936,24.67179608166385,8.940800000000001,0.2,1,residential,False
tc_1745469555_3633027114_0,1745469555,3633027114,207.24555964965145,13.411200000000001,0.2,2,residential,False
tc_1828387830_7521619363_0,1828387830,7521619363,99.13027695004276,8.940800000000001,0.2,1,unclassified,False
tc_190531705_190531706_0,190531705,190531706,19.807330763075612,13.411200000000001,0.2,1,secondary,True
tc_190531705_687142645_0,190531705,687142645,208.76397106639948,13.411200000000001,0.2,2,secondary,False
tc_190531706_190531708_0,190531706,190531708,70.5551659460218,13.411200000000001,0.2,1,secondary,True
tc_190531706_807926254_0,190531706,807926254,17.17929211809727,13.411200000000001,0.2,1,residential,False
tc_190531708_190531710_0,190531708,190531710,14.075555330580231,13.411200000000001,0.2,2,secondary,False
tc_190531708_807926254_0,190531708,807926254,62.81726595001764,13.411200000000001,0.2,1,secondary,True
tc_190531710_190531708_0,190531710,190531708,14.075555330580231,13.411200000000001,0.2,2,secondary,False
tc_190531710_75632307_0,190531710,75632307,163.801732017532,13.411200000000001,0.2,1,residential,False
tc_190531710_863389466_0,190531710,863389466,18.674665799387398,13.411200000000001,0.2,2,secondary,False
tc_190531721_190531723_0,190531721,190531723,52.508060234218945,13.411200000000001,0.2,2,secondary,False
tc_190531721_75632310_0,190531721,75632310,42.678014551291646,13.411200000000001,0.2,2,secondary,False
tc_190531721_863392345_0,190531721,863392345,37.22040586285002,13.411200000000001,0.2,1,residential,False
tc_190531723_190531721_0,190531723,190531721,52.508060234218945,13.411200000000001,0.2,2,secondary,False
tc_190531723_190531724_0,190531723,190531724,57.34755222434122,13.411200000000001,0.2,2,secondary,False
tc_190531723_863404873_0,190531723,863404873,71.61811420508245,13.411200000000001,0.2,1,residential,False
tc_190531724_190531723_0,190531724,190531723,57.34755222434122,13.411200000000001,0.2,2,secondary,False
tc_190531724_863392638_0,190531724,863392638,42.16612866791466,13.411200000000001,0.2,1,residential,False
tc_190531724_863402420_0,190531724,863402420,25.874432373399387,13.411200000000001,0.2,2,secondary,False
tc_190531728_190531730_0,190531728,190531730,59.70743029532122,13.411200000000001,0.2,2,secondary,False
tc_190531728_863392866_0,190531728,863392866,59.37225857956631,13.411200000000001,0.2,1,residential,False
tc_190531728_863402420_0,190531728,863402420,21.48573222132217,13.411200000000001,0.2,2,secondary,False
tc_190531730_190531728_0,190531730,190531728,59.70743029532122,13.411200000000001,0.2,2,secondary,False
tc_190531730_190531733_0,190531730,190531733,47.95643373909937,13.411200000000001,0.2,2,secondary,False
tc_190531730_863403264_0,190531730,863403264,82.57769722501018,13.411200000000001,0.2,1,residential,False
tc_190531733_190531730_0,190531733,190531730,47.95643373909937,13.411200000000001,0.2,2,secondary,False
tc_190531733_863393261_0,190531733,863393261,52.0156595474447,13.411200000000001,0.2,1,residential,False
tc_190531733_863401606_0,190531733,863401606,48.100233233472764,13.411200000000001,0.2,2,secondary,False
tc_190531736_863394366_0,190531736,863394366,45.534253884491754,13.411200000000001,0.2,2,secondary,False
tc_190531736_863398069_0,190531736,863398069,41.09437757332556,13.411200000000001,0.2,2,secondary,False
tc_190531736_863400534_0,190531736,863400534,79.3433669125696,8.940800000000001,0.2,1,residential,False
tc_190546579_3631353179_0,190546579,3631353179,44.74670771771784,13.411200000000001,0.2,2,primary,False
tc_190546579_3633298359_0,190546579,3633298359,59.13514921404584,8.940800000000001,0.2,2,primary,False
tc_190546579_863290688_0,190546579,863290688,83.2699846362231,8.940800000000001,0.2,1,residential,False
tc_190546592_190546624_0,190546592,190546624,284.2915428310062,13.411200000000001,0.2,2,primary,False
tc_190546592_3631353179_0,190546592,3631353179,127.09561036590705,13.411200000000001,0.2,2,primary,False
tc_190546592_549304211_0,190546592,549304211,162.1313059501809,13.411200000000001,0.2,2,residential,False
tc_190546624_190546592_0,190546624,190546592,284.29154283100615,13.411200000000001,0.2,2,primary,False
tc_190546624_190546646_0,190546624,190546646,91.36098183903317,13.411200000000001,0.2,2,primary,False
tc_190546624_863280283_0,190546624,863280283,189.73094281394506,13.411200000000001,0.2,2,tertiary,False
tc_190546646_190546624_0,190546646,190546624,91.36098183903317,13.411200000000001,0.2,2,primary,False
tc_190546646_322847838_0,190546646,322847838,299.2527020895059,17.881600000000002,0.2,2,primary,False
tc_190982225_1596955639_0,190982225,1596955639,14.924352483815255,13.411200000000001,0.2,2,primary,False
tc_190982225_190982262_0,190982225,190982262,353.72350807032024,13.411200000000001,0.2,1,residential,False
tc_190982225_75632175_0,190982225,75632175,312.94420709017487,22.352,0.2,2,primary,False
tc_190982262_190982225_0,190982262,190982225,353.72350807032035,13.411200000000001,0.2,1,residential,False
tc_192302049_243978957_0,192302049,243978957,102.8419908275343,8.940800000000001,0.2,2,tertiary,False
tc_192302049_675994144_0,192302049,675994144,31.72659810856001,8.940800000000001,0.2,1,residential,False
tc_192302049_683646462_0,192302049,683646462,29.440462948126093,8.940800000000001,0.2,2,tertiary,False
tc_192302052_243978957_0,192302052,243978957,70.9763224765261,8.940800000000001,0.2,2,tertiary,False
tc_192302052_675994116_0,192302052,675994116,188.73573621910302,8.940800000000001,0.2,1,residential,False
tc_192302052_675994143_0,192302052,675994143,16.615063313530023,8.940800000000001,0.2,2,tertiary,False
tc_192302066_243978956_0,192302066,243978956,31.50929674521619,8.940800000000001,0.2,2,tertiary,False
tc_192302066_675994143_0,192302066,675994143,155.25958909992525,8.940800000000001,0.2,2,tertiary,False
tc_192302066_675994148_0,192302066,675994148,96.65254407494963,8.940800000000001,0.2,1,residential,False
tc_192302096_192649798_0,192302096,192649798,36.579122556410525,8.940800000000001,0.2,2,tertiary,False
tc_192302096_369817343_0,192302096,369817343,45.24407165075261,8.940800000000001,0.2,2,tertiary,False
tc_192302096_863371062_0,192302096,863371062,61.307116624251236,8.940800000000001,0.2,2,tertiary,False
tc_192302099_192649798_0,192302099,192649798,58.92725441731349,8.940800000000001,0.2,2,tertiary,False
tc_192302099_3631529536_0,192302099,3631529536,60.97022915685591,8.940800000000001,0.2,2,tertiary,False
tc_192302099_7843127560_0,192302099,7843127560,43.97964710617565,8.940800000000001,0.2,2,residential,True
tc_192302121_192302145_0,192302121,192302145,209.19214058358406,8.940800000000001,0.2,2,tertiary,False
tc_192302121_7853241886_0,192302121,7853241886,106.50152684196361,8.940800000000001,0.2,2,secondary,False
tc_192302121_863291317_0,192302121,863291317,132.32031506813186,8.940800000000001,0.2,2,secondary,False
tc_192302145_192302121_0,192302145,192302121,209.1921405835841,8.940800000000001,0.2,2,tertiary,False
tc_192302145_270301397_0,192302145,270301397,62.676133200510186,8.940800000000001,0.2,2,tertiary,False
tc_192302145_27538529_0,192302145,27538529,65.13724794650338,8.940800000000001,0.2,2,residential,False
tc_192408446_192408456_0,192408446,192408456,46.784364411399736,13.411200000000001,0.2,1,residential,False
tc_192408446_701192786_0,192408446,701192786,64.42614791330647,13.411200000000001,0.2,1,residential,False
tc_192408446_701192922_0,192408446,701192922,103.38635473804293,13.411200000000001,0.2,1,residential,False
tc_192408456_192408446_0,192408456,192408446,46.784364411399736,13.411200000000001,0.2,1,residential,False
tc_192408456_192408480_0,192408456,192408480,65.83228304887575,13.411200000000001,0.2,1,residential,False
tc_192408456_701192858_0,192408456,701192858,50.19639186759991,13.411200000000001,0.2,1,residential,False
tc_192408480_192408456_0,192408480,192408456,65.83228304887575,13.411200000000001,0.2,1,residential,False
tc_192408480_701194881_0,192408480,701194881,31.738144743367066,13.411200000000001,0.2,1,residential,False
tc_192408480_701194898_0,192408480,701194898,45.60349280581062,13.411200000000001,0.2,1,residential,False
tc_192649798_192302096_0,192649798,192302096,36.579122556410525,8.940800000000001,0.2,2,tertiary,False
tc_192649798_192302099_0,192649798,192302099,58.92725441731349,8.940800000000001,0.2,2,tertiary,False
tc_192649798_192649804_0,192649798,192649804,43.60012644282827,8.940800000000001,0.2,1,residential,False
tc_192649804_192649798_0,192649804,192649798,43.60012644282827,8.940800000000001,0.2,1,residential,False
tc_194539562_194539632_0,194539562,194539632,138.28899655825995,13.411200000000001,0.2,1,residential,False
tc_194539562_243978960_0,194539562,243978960,64.20137446068898,13.411200000000001,0.2,1,residential,False
tc_194539562_701194881_0,194539562,701194881,36.660249660492624,13.411200000000001,0.2,1,residential,False
tc_194539632_194539562_0,194539632,194539562,138.28899655825995,13.411200000000001,0.2,1,residential,False
tc_194539632_194539637_0,194539632,194539637,16.735632679431433,13.411200000000001,0.2,1,residential,False
tc_194539632_194539641_0,194539632,194539641,7.397987753036055,13.411200000000001,0.2,1,residential,False
tc_194539637_194539632_0,194539637,194539632,16.735632679431433,13.411200000000001,0.2,1,residential,False
tc_194539641_194539632_0,194539641,194539632,7.397987753036055,13.411200000000001,0.2,1,residential,False
tc_2119989689_863284431_0,2119989689,863284431,37.11254428459891,8.88888888888889,0.2,1,residential,False
tc_243662941_369817321_0,243662941,369817321,44.891610933201235,13.411200000000001,0.2,2,residential,False
tc_243662941_410182009_0,243662941,410182009,217.15954518538726,8.940800000000001,0.2,2,tertiary,False
tc_243662941_863372585_0,243662941,863372585,217.72995945901013,8.940800000000001,0.2,2,tertiary,False
tc_243662951_373310017_0,243662951,373310017,97.30174148413991,13.411200000000001,0.2,2,tertiary,False
tc_243662951_410182009_0,243662951,410182009,79.29332292563119,8.940800000000001,0.2,2,tertiary,False
tc_243662958_270302325_0,243662958,270302325,45.60027314318591,13.411200000000001,0.2,2,tertiary,False
tc_243662958_384747342_0,243662958,384747342,106.45091579117909,13.411200000000001,0.2,2,tertiary,False
tc_243662958_863303288_0,243662958,863303288,90.82169314978003,13.411200000000001,0.2,1,residential,False
tc_243662961_356714597_0,243662961,356714597,168.90534066194124,13.411200000000001,0.2,2,tertiary,False
tc_243662961_384747342_0,243662961,384747342,44.40808020729371,13.411200000000001,0.2,2,tertiary,False
tc_243662961_863303607_0,243662961,863303607,40.53275959656956,13.411200000000001,0.2,1,residential,False
tc_243662966_27537583_0,243662966,27537583,17.60179886014848,13.411200000000001,0.2,2,primary,True
tc_243662966_701208019_0,243662966,701208019,89.5454437861405,13.411200000000001,0.2,1,residential,False
tc_243663887_701197300_0,243663887,701197300,72.91445262768103,13.411200000000001,0.2,1,residential,False
tc_243663887_701207595_0,243663887,701207595,31.701015485493876,13.411200000000001,0.2,1,residential,False
tc_243663887_701207830_0,243663887,701207830,91.85118218221298,13.411200000000001,0.2,1,residential,False
tc_243978948_1596861584_0,243978948,1596861584,197.37467543366802,8.940800000000001,0.2,1,residential,False
tc_243978948_243978956_0,243978948,243978956,85.31388296373225,8.940800000000001,0.2,2,tertiary,False
tc_243978948_863371062_0,243978948,863371062,251.75593533184886,8.940800000000001,0.2,2,tertiary,False
tc_243978956_1596861575_0,243978956,1596861575,69.46470089399568,8.940800000000001,0.2,1,residential,False
tc_243978956_192302066_0,243978956,192302066,31.50929674521619,8.940800000000001,0.2,2,tertiary,False
tc_243978956_243978948_0,243978956,243978948,85.31388296373225,8.940800000000001,0.2,2,tertiary,False
tc_243978957_192302049_0,243978957,192302049,102.84199082753429,8.940800000000001,0.2,2,tertiary,False
tc_243978957_192302052_0,243978957,192302052,70.9763224765261,8.940800000000001,0.2,2,tertiary,False
tc_243978957_675994145_0,243978957,675994145,31.277928612129447,8.940800000000001,0.2,1,residential,False
tc_243978959_243978960_0,243978959,243978960,12.413345416668255,13.411200000000001,0.2,1,residential,False
tc_243978960_194539562_0,243978960,194539562,64.20137446068898,13.411200000000001,0.2,1,residential,False
tc_243978960_243978959_0,243978960,243978959,12.413345416668255,13.411200000000001,0.2,1,residential,False
tc_243978960_243978962_0,243978960,243978962,9.701276563524171,13.411200000000001,0.2,1,residential,False
tc_243978962_243978960_0,243978962,243978960,9.701276563524171,13.411200000000001,0.2,1,residential,False
tc_246815080_3633027114_0,246815080,3633027114,224.31412801638353,13.411200000000001,0.2,2,secondary,False
tc_246815080_4177041196_0,246815080,4177041196,57.76639686314797,13.411200000000001,0.2,2,secondary,False
tc_246815080_863291625_0,246815080,863291625,19.296036353226715,13.411200000000001,0.2,1,residential,False
tc_270301397_192302145_0,270301397,192302145,62.676133200510186,8.940800000000001,0.2,2,tertiary,False
tc_270301397_27538532_0,270301397,27538532,60.36800237117271,8.940800000000001,0.2,2,residential,False
tc_270301397_863296362_0,270301397,863296362,101.42128767990394,8.940800000000001,0.2,2,tertiary,False
tc_270302325_243662958_0,270302325,243662958,45.60027314318591,13.411200000000001,0.2,2,tertiary,False
tc_270302325_343450940_0,270302325,343450940,279.34405479252473,17.881600000000002,0.2,2,tertiary,False
tc_270302325_363994334_0,270302325,363994334,112.72466529070978,13.411200000000001,0.2,2,tertiary,False
tc_270355622_1596955602_0,270355622,1596955602,93.95835243753444,8.940800000000001,0.2,1,residential,False
tc_270355622_357452771_0,270355622,357452771,31.950958014365128,8.940800000000001,0.2,1,residential,False
tc_270355622_711403226_0,270355622,711403226,93.54198560526527,8.940800000000001,0.2,1,residential,False
tc_270355627_1596955568_0,270355627,1596955568,26.85517468484373,8.940800000000001,0.2,1,residential,False
tc_270355627_1596955602_0,270355627,1596955602,204.77088360770682,8.940800000000001,0.2,1,residential,False
tc_270355627_863400719_0,270355627,863400719,37.74580595619831,8.940800000000001,0.2,1,residential,False
tc_270356301_270356304_0,270356301,270356304,171.60655137767503,8.940800000000001,0.2,1,residential,False
tc_270356301_6576853833_0,270356301,6576853833,277.12948863813165,8.940800000000001,0.2,1,residential,False
tc_270356301_6576853836_0,270356301,6576853836,89.47518394806232,8.940800000000001,0.2,2,residential,False
tc_270356304_270356301_0,270356304,270356301,171.606551377675,8.940800000000001,0.2,1,residential,False
tc_270356304_360026757_0,270356304,360026757,218.43835923578743,13.411200000000001,0.2,1,residential,False
tc_270356304_7552023854_0,270356304,7552023854,99.40427519489664,13.411200000000001,0.2,1,residential,False
tc_270356309_363994346_0,270356309,363994346,112.42843698901277,13.411200000000001,0.2,2,tertiary,False
tc_270356309_366568174_0,270356309,366568174,305.01115314759215,13.411200000000001,0.2,2,tertiary,False
tc_270356309_691475165_0,270356309,691475165,52.40857454626527,13.411200000000001,0.2,2,residential,False
tc_270359880_270360128_0,270359880,270360128,23.82157561655673,8.940800000000001,0.2,1,residential,False
tc_270359880_6576853833_0,270359880,6576853833,59.596360967533045,8.940800000000001,0.2,1,residential,False
tc_270359880_863362246_0,270359880,863362246,27.70413459806922,8.940800000000001,0.2,1,residential,False
tc_270360128_270359880_0,270360128,270359880,23.821575616556732,8.940800000000001,0.2,1,residential,False
tc_270360128_379805138_0,270360128,379805138,86.8164816984859,8.940800000000001,0.2,1,residential,False
tc_270360130_27537610_0,270360130,27537610,90.21152033385796,8.940800000000001,0.2,2,primary,False
tc_270360130_379805138_0,270360130,379805138,40.078930703489426,8.940800000000001,0.2,1,residential,False
tc_270360130_379805141_0,270360130,379805141,25.87554451448067,8.940800000000001,0.2,2,primary,False
tc_270786808_27537610_0,270786808,27537610,83.88500731706125,8.940800000000001,0.2,2,primary,False
tc_270786808_3633343332_0,270786808,3633343332,297.8217064828612,8.940800000000001,0.2,2,primary,False
tc_270786808_863346017_0,270786808,863346017,125.76109875467715,8.940800000000001,0.2,1,residential,False
tc_27537583_27537584_0,27537583,27537584,18.051817858157634,13.411200000000001,0.2,2,primary,True
tc_27537584_27537585_0,27537584,27537585,16.487080141143434,13.411200000000001,0.2,2,primary,True
tc_27537584_687142645_0,27537584,687142645,212.26731597858435,13.411200000000001,0.2,2,secondary,False
tc_27537585_243662966_0,27537585,243662966,18.71513166589421,13.411200000000001,0.2,2,primary,True
tc_27537585_8409091203_0,27537585,8409091203,416.7548564926964,13.411200000000001,0.2,2,primary,False
tc_27537608_27537609_0,27537608,27537609,65.50540887189247,8.940800000000001,0.2,2,primary,False
tc_27537608_7896352527_0,27537608,7896352527,24.26112103203228,8.940800000000001,0.2,2,primary,True
tc_27537608_863354313_0,27537608,863354313,163.3845492332497,8.940800000000001,0.2,1,residential,False
tc_27537609_27537608_0,27537609,27537608,65.50540887189247,8.940800000000001,0.2,2,primary,False
tc_27537609_27537610_0,27537609,27537610,42.83158218679041,8.940800000000001,0.2,2,primary,False
tc_27537609_3631529536_0,27537609,3631529536,71.90051593693022,8.940800000000001,0.2,2,tertiary,False
tc_27537610_270360130_0,27537610,270360130,90.21152033385796,8.940800000000001,0.2,2,primary,False
tc_27537610_270786808_0,27537610,270786808,83.88500731706125,8.940800000000001,0.2,2,primary,False
tc_27537610_27537609_0,27537610,27537609,42.83158218679041,8.940800000000001,0.2,2,primary,False
tc_27537612_324285229_0,27537612,324285229,106.91733272224727,8.940800000000001,0.2,2,primary,False
tc_27537612_379805141_0,27537612,379805141,75.98237004624345,8.940800000000001,0.2,2,primary,False
tc_27537612_863362246_0,27537612,863362246,121.06325597331099,8.940800000000001,0.2,1,residential,True
tc_27537620_27537624_0,27537620,27537624,208.56513223711642,8.940800000000001,0.2,2,primary,False
tc_27537620_7521619353_0,27537620,7521619353,57.41172577872781,8.940800000000001,0.2,1,unclassified,False
tc_27537620_7521619356_0,27537620,7521619356,37.34625397998688,8.940800000000001,0.2,2,primary,False
tc_27537624_1245017210_0,27537624,1245017210,34.68975706103995,8.940800000000001,0.2,1,primary,True
tc_27537624_27537620_0,27537624,27537620,208.5651322371164,8.940800000000001,0.2,2,primary,False
tc_27538528_27538529_0,27538528,27538529,27.200004031183028,8.940800000000001,0.2,1,residential,False
tc_27538529_192302145_0,27538529,192302145,65.13724794650338,8.940800000000001,0.2,2,residential,False
tc_27538529_27538528_0,27538529,27538528,27.200004031183028,8.940800000000001,0.2,1,residential,False
tc_27538529_27538532_0,27538529,27538532,46.68554379312521,8.940800000000001,0.2,2,residential,False
tc_27538532_270301397_0,27538532,270301397,60.36800237117271,8.940800000000001,0.2,2,residential,False
tc_27538532_27538529_0,27538532,27538529,46.68554379312521,8.940800000000001,0.2,2,residential,False
tc_27538532_6576853836_0,27538532,6576853836,191.54820781483593,8.940800000000001,0.2,2,residential,False
tc_3062774875_382400493_0,3062774875,382400493,39.1785768107074,8.940800000000001,0.2,1,residential,False
tc_3063665400_863388430_0,3063665400,863388430,7.572655493333232,13.411200000000001,0.2,1,residential,False
tc_3063665401_863387616_0,3063665401,863387616,131.6788108347711,13.411200000000001,0.2,1,residential,False
tc_3200728288_356714616_0,3200728288,356714616,59.886572510032764,13.411200000000001,0.2,1,residential,False
tc_3200728292_863303288_0,3200728292,863303288,10.277821951312282,13.411200000000001,0.2,1,residential,False
tc_3200728294_863303288_0,3200728294,863303288,10.371686907496482,13.411200000000001,0.2,1,residential,False
tc_3200728303_3200728304_0,3200728303,3200728304,16.658078922810038,13.411200000000001,0.2,1,residential,False
tc_3200728303_3200728305_0,3200728303,3200728305,9.485332863097783,13.411200000000001,0.2,1,residential,False
tc_3200728303_356714602_0,3200728303,356714602,69.60402021999026,13.411200000000001,0.2,1,residential,False
tc_3200728304_3200728303_0,3200728304,3200728303,16.658078922810038,13.411200000000001,0.2,1,residential,False
tc_3200728305_3200728303_0,3200728305,3200728303,9.485332863097783,13.411200000000001,0.2,1,residential,False
tc_3200728316_1051498106_0,3200728316,1051498106,10.785654199364071,13.411200000000001,0.2,1,residential,False
tc_3200728316_1051503017_0,3200728316,1051503017,8.058628710395913,13.411200000000001,0.2,1,residential,False
tc_3200728316_863303607_0,3200728316,863303607,36.159472548551804,13.411200000000001,0.2,1,residential,False
tc_322847838_190546646_0,322847838,190546646,299.2527020895059,17.881600000000002,0.2,2,primary,False
tc_322847838_324283197_0,322847838,324283197,129.96868548419164,17.881600000000002,0.2,2,primary,False
tc_324265802_863280283_0,324265802,863280283,33.91159473768392,13.411200000000001,0.2,2,tertiary,False
tc_324265802_863280284_0,324265802,863280284,34.862120939438874,13.411200000000001,0.2,2,tertiary,False
tc_324265802_863280951_0,324265802,863280951,103.58970019278277,13.411200000000001,0.2,1,residential,False
tc_324265803_324265804_0,324265803,324265804,31.493070873394924,13.411200000000001,0.2,2,tertiary,False
tc_324265803_863280284_0,324265803,863280284,30.64635238626666,13.411200000000001,0.2,2,tertiary,False
tc_324265803_863282277_0,324265803,863282277,154.89365518243426,13.411200000000001,0.2,1,residential,False
tc_324265804_324265803_0,324265804,324265803,31.493070873394924,13.411200000000001,0.2,2,tertiary,False
tc_324265804_863280666_0,324265804,863280666,36.34436916631874,13.411200000000001,0.2,2,tertiary,False
tc_324265804_863281188_0,324265804,863281188,63.906974507828046,13.411200000000001,0.2,1,residential,False
tc_324265840_863280667_0,324265840,863280667,30.07111578639743,13.411200000000001,0.2,2,tertiary,False
tc_324265840_863280669_0,324265840,863280669,29.97976796328806,13.411200000000001,0.2,2,tertiary,False
tc_324265840_863282875_0,324265840,863282875,116.2626176757804,13.411200000000001,0.2,1,residential,False
tc_324265841_324265842_0,324265841,324265842,46.84051569554697,13.411200000000001,0.2,2,tertiary,False
tc_324265841_3633001748_0,324265841,3633001748,64.19765988552342,13.411200000000001,0.2,1,residential,False
tc_324265841_863280669_0,324265841,863280669,48.52737575738371,13.411200000000001,0.2,2,tertiary,False
tc_324265842_1600534156_0,324265842,1600534156,63.13594074093542,13.411200000000001,0.2,2,tertiary,False
tc_324265842_324265841_0,324265842,324265841,46.84051569554697,13.411200000000001,0.2,2,tertiary,False
tc_324265842_863283547_0,324265842,863283547,46.362808851320956,13.411200000000001,0.2,1,residential,False
tc_324275166_324275172_0,324275166,324275172,130.46693809368531,13.411200000000001,0.2,1,residential,False
tc_324275172_1596979148_0,324275172,1596979148,65.19098789307566,13.411200000000001,0.2,1,residential,False
tc_324275172_324275166_0,324275172,324275166,130.46693809368531,13.411200000000001,0.2,1,residential,False
tc_324275172_863289336_0,324275172,863289336,39.23412630820826,13.411200000000001,0.2,1,residential,False
tc_324275178_863288643_0,324275178,863288643,38.81324673057188,13.411200000000001,0.2,1,residential,False
tc_324283197_322847838_0,324283197,322847838,129.96868548419164,17.881600000000002,0.2,2,primary,False
tc_324283197_7711200217_0,324283197,7711200217,53.664916983156104,13.411200000000001,0.2,1,unclassified,False
tc_324283489_1598385340_0,324283489,1598385340,71.20330065113787,13.411200000000001,0.2,1,residential,False
tc_324283489_1598385355_0,324283489,1598385355,115.71494653237724,13.411200000000001,0.2,1,residential,False
tc_324283489_863278826_0,324283489,863278826,69.30918967906963,13.411200000000001,0.2,1,residential,False
tc_324285229_1596979128_0,324285229,1596979128,97.8472339539733,8.940800000000001,0.2,1,residential,False
tc_324285229_27537612_0,324285229,27537612,106.91733272224728,8.940800000000001,0.2,2,primary,False
tc_324285229_7521619363_0,324285229,7521619363,285.00144033793305,8.940800000000001,0.2,2,primary,False
tc_339398129_1596955602_0,339398129,1596955602,90.63104078818897,8.940800000000001,0.2,1,residential,False
tc_343446534_270360128_0,343446534,270360128,57.69851314573916,8.940800000000001,0.2,2,residential,True
tc_343446534_863360514_0,343446534,863360514,40.01332907692519,8.940800000000001,0.2,1,residential,False
tc_343450940_1596861450_0,343450940,1596861450,699.9114612167307,8.88888888888889,0.2,1,unclassified,False
tc_343450940_270302325_0,343450940,270302325,279.34405479252473,17.881600000000002,0.2,2,tertiary,False
tc_353955657_353955694_0,353955657,353955694,206.87636101626984,13.411200000000001,0.2,1,residential,False
tc_353955657_355710025_0,353955657,355710025,16.69024046185055,13.411200000000001,0.2,2,residential,False
tc_353955657_700350898_0,353955657,700350898,58.80205313226834,13.411200000000001,0.2,2,residential,False
tc_353955694_353955657_0,353955694,353955657,206.87636101626984,13.411200000000001,0.2,1,residential,False
tc_353955694_353955699_0,353955694,353955699,72.21458317210242,13.411200000000001,0.2,1,residential,False
tc_353955694_353955704_0,353955694,353955704,157.5463489644102,13.411200000000001,0.2,1,residential,False
tc_353955699_353955694_0,353955699,353955694,72.21458317210242,13.411200000000001,0.2,1,residential,False
tc_353955699_353955704_0,353955699,353955704,212.87610205555842,13.411200000000001,0.2,2,residential,False
tc_353955699_353955745_0,353955699,353955745,20.80615225745233,13.411200000000001,0.2,2,residential,False
tc_353955704_353955694_0,353955704,353955694,157.5463489644102,13.411200000000001,0.2,1,residential,False
tc_353955704_353955699_0,353955704,353955699,212.87610205555845,13.411200000000001,0.2,2,residential,False
tc_353955704_355710025_0,353955704,355710025,38.89352881829186,13.411200000000001,0.2,2,residential,False
tc_353955745_353955699_0,353955745,353955699,20.80615225745233,13.411200000000001,0.2,2,residential,False
tc_353955745_360026757_0,353955745,360026757,71.26273313266896,13.411200000000001,0.2,1,residential,False
tc_353955745_410184897_0,353955745,410184897,32.93244610016767,13.411200000000001,0.2,2,residential,False
tc_355710025_1368354220_0,355710025,1368354220,83.21734470071087,13.411200000000001,0.2,1,residential,False
tc_355710025_353955657_0,355710025,353955657,16.69024046185055,13.411200000000001,0.2,2,residential,False
tc_355710025_353955704_0,355710025,353955704,38.89352881829186,13.411200000000001,0.2,2,residential,False
tc_356714597_243662961_0,356714597,243662961,168.9053406619412,13.411200000000001,0.2,2,tertiary,False
tc_356714597_356714602_0,356714597,356714602,76.26578313374398,13.411200000000001,0.2,1,residential,False
tc_356714597_373310017_0,356714597,373310017,56.18180541318257,13.411200000000001,0.2,2,tertiary,False
tc_356714602_3200728303_0,356714602,3200728303,69.60402021999025,13.411200000000001,0.2,1,residential,False
tc_356714602_356714597_0,356714602,356714597,76.26578313374398,13.411200000000001,0.2,1,residential,False
tc_356714602_356714608_0,356714602,356714608,21.52228570082178,13.411200000000001,0.2,1,residential,False
tc_356714608_356714602_0,356714608,356714602,21.52228570082178,13.411200000000001,0.2,1,residential,False
tc_356714608_356714616_0,356714608,356714616,72.43181034139675,13.411200000000001,0.2,1,residential,False
tc_356714608_360896791_0,356714608,360896791,56.23250313713034,13.411200000000001,0.2,1,residential,False
tc_356714616_3200728288_0,356714616,3200728288,59.88657251003278,13.411200000000001,0.2,1,residential,False
tc_356714616_356714608_0,356714616,356714608,72.43181034139675,13.411200000000001,0.2,1,residential,False
tc_356714616_356714618_0,356714616,356714618,24.899162874246038,13.411200000000001,0.2,1,residential,False
tc_356714618_356714616_0,356714618,356714616,24.899162874246038,13.411200000000001,0.2,1,residential,False
tc_356714618_359160584_0,356714618,359160584,166.32586340968365,13.411200000000001,0.2,1,residential,False
tc_356714618_360896804_0,356714618,360896804,70.9222334288633,13.411200000000001,0.2,1,residential,False
tc_357452771_1596955497_0,357452771,1596955497,36.443664883384095,8.940800000000001,0.2,1,residential,False
tc_357452771_270355622_0,357452771,270355622,31.950958014365128,8.940800000000001,0.2,1,residential,False
tc_357452771_548809636_0,357452771,548809636,54.024604122110745,8.940800000000001,0.2,1,residential,False
tc_357457027_1596955265_0,357457027,1596955265,111.12322771749777,8.940800000000001,0.2,1,unclassified,False
tc_357457027_1596955352_0,357457027,1596955352,99.16057814048553,8.940800000000001,0.2,1,unclassified,False
tc_357457027_863382484_0,357457027,863382484,38.694756875160856,8.940800000000001,0.2,1,residential,False
tc_359160584_356714618_0,359160584,356714618,166.32586340968368,13.411200000000001,0.2,1,residential,False
tc_359160584_360896791_0,359160584,360896791,43.45788938003842,13.411200000000001,0.2,1,residential,False
tc_359160584_360896791_1,359160584,360896791,172.59730209643962,13.411200000000001,0.2,1,residential,False
tc_360026757_270356304_0,360026757,270356304,218.4383592357875,13.411200000000001,0.2,1,residential,False
tc_360026757_353955745_0,360026757,353955745,71.26273313266896,13.411200000000001,0.2,1,residential,False
tc_360026757_7916302488_0,360026757,7916302488,134.80599207033137,13.411200000000001,0.2,1,residential,False
tc_360258485_7521619353_0,360258485,7521619353,38.92717874762139,8.940800000000001,0.2,1,unclassified,False
tc_360896791_356714608_0,360896791,356714608,56.23250313713034,13.411200000000001,0.2,1,residential,False
tc_360896791_359160584_0,360896791,359160584,43.45788938003842,13.411200000000001,0.2,1,residential,False
tc_360896791_359160584_1,360896791,359160584,172.5973020964396,13.411200000000001,0.2,1,residential,False
tc_360896804_356714618_0,360896804,356714618,70.9222334288633,13.411200000000001,0.2,1,residential,False
tc_3631353179_190546579_0,3631353179,190546579,44.74670771771784,13.411200000000001,0.2,2,primary,False
tc_3631353179_190546592_0,3631353179,190546592,127.09561036590705,13.411200000000001,0.2,2,primary,False
tc_3631353179_3631353182_0,3631353179,3631353182,113.45599022571639,13.411200000000001,0.2,1,residential,False
tc_3631353182_3631353179_0,3631353182,3631353179,113.4559902257164,13.411200000000001,0.2,1,residential,False
tc_3631529536_192302099_0,3631529536,192302099,60.97022915685591,8.940800000000001,0.2,2,tertiary,False
tc_3631529536_27537609_0,3631529536,27537609,71.90051593693022,8.940800000000001,0.2,2,tertiary,False
tc_3631529536_3631529539_0,3631529536,3631529539,97.34526993553558,8.88888888888889,0.2,1,residential,False
tc_3631529539_3631529536_0,3631529539,3631529536,97.34526993553557,8.88888888888889,0.2,1,residential,False
tc_3633001748_324265841_0,3633001748,324265841,64.19765988552344,13.411200000000001,0.2,1,residential,False
tc_3633027114_1118687438_0,3633027114,1118687438,9.07975023212382,13.411200000000001,0.2,2,secondary,False
tc_3633027114_1745469555_0,3633027114,1745469555,207.24555964965143,13.411200000000001,0.2,2,residential,False
tc_3633027114_246815080_0,3633027114,246815080,224.31412801638356,13.411200000000001,0.2,2,secondary,False
tc_3633077013_1118687152_0,3633077013,1118687152,111.21518602151805,13.411200000000001,0.2,1,residential,False
tc_3633077013_1596955639_0,3633077013,1596955639,65.66685660937961,13.411200000000001,0.2,2,primary,False
tc_3633077013_3633343332_0,3633077013,3633343332,134.54716616497768,13.411200000000001,0.2,2,primary,False
tc_3633298359_190546579_0,3633298359,190546579,59.135149214045846,8.940800000000001,0.2,2,primary,False
tc_3633298359_549304245_0,3633298359,549304245,65.53998382155514,8.940800000000001,0.2,2,unclassified,False
tc_3633298359_7853241881_0,3633298359,7853241881,119.83780442108709,8.940800000000001,0.2,2,primary,False
tc_3633343332_1596955531_0,3633343332,1596955531,385.7245361314995,13.411200000000001,0.2,1,residential,False
tc_3633343332_270786808_0,3633343332,270786808,297.82170648286126,8.940800000000001,0.2,2,primary,False
tc_3633343332_3633077013_0,3633343332,3633077013,134.54716616497768,13.411200000000001,0.2,2,primary,False
tc_363994334_270302325_0,363994334,270302325,112.72466529070978,13.411200000000001,0.2,2,tertiary,False
tc_363994334_363994336_0,363994334,363994336,74.31501448769222,13.411200000000001,0.2,1,residential,False
tc_363994334_363994346_0,363994334,363994346,43.27970079332946,13.411200000000001,0.2,2,tertiary,False
tc_363994336_363994334_0,363994336,363994334,74.31501448769222,13.411200000000001,0.2,1,residential,False
tc_363994336_363994337_0,363994336,363994337,24.32011621936102,13.411200000000001,0.2,1,residential,False
tc_363994336_363994344_0,363994336,363994344,136.73254005692922,13.411200000000001,0.2,1,residential,False
tc_363994337_363994336_0,363994337,363994336,24.32011621936102,13.411200000000001,0.2,1,residential,False
tc_363994344_363994336_0,363994344,363994336,136.7325400569292,13.411200000000001,0.2,1,residential,False
tc_363994344_4159941500_0,363994344,4159941500,5.802680557409699,13.411200000000001,0.2,1,residential,False
tc_363994344_4159941501_0,363994344,4159941501,6.81439735407636,13.411200000000001,0.2,1,residential,False
tc_363994346_270356309_0,363994346,270356309,112.42843698901277,13.411200000000001,0.2,2,tertiary,False
tc_363994346_363994334_0,363994346,363994334,43.27970079332946,13.411200000000001,0.2,2,tertiary,False
tc_363994346_363994353_0,363994346,363994353,122.2646967900155,13.411200000000001,0.2,1,residential,False
tc_363994353_363994346_0,363994353,363994346,122.26469679001552,13.411200000000001,0.2,1,residential,False
tc_363994353_363994354_0,363994353,363994354,25.973847224607596,13.411200000000001,0.2,1,residential,False
tc_363994353_863300334_0,363994353,863300334,57.27120329824872,13.411200000000001,0.2,1,residential,False
tc_363994354_363994353_0,363994354,363994353,25.973847224607596,13.411200000000001,0.2,1,residential,False
tc_363994354_363994358_0,363994354,363994358,46.664889333223186,13.411200000000001,0.2,1,residential,False
tc_363994354_863301406_0,363994354,863301406,77.25855583956755,13.411200000000001,0.2,1,residential,False
tc_363994358_363994354_0,363994358,363994354,46.664889333223186,13.411200000000001,0.2,1,residential,False
tc_363994358_363994360_0,363994358,363994360,27.56762120624245,13.411200000000001,0.2,1,residential,False
tc_363994358_863300481_0,363994358,863300481,31.034978705132314,13.411200000000001,0.2,1,residential,False
tc_363994360_363994358_0,363994360,363994358,27.56762120624245,13.411200000000001,0.2,1,residential,False
tc_363994360_363994362_0,363994360,363994362,53.44942268049013,13.411200000000001,0.2,1,residential,False
tc_363994360_863301199_0,363994360,863301199,56.5961790172524,13.411200000000001,0.2,1,residential,False
tc_363994362_363994360_0,363994362,363994360,53.44942268049013,13.411200000000001,0.2,1,residential,False
tc_363994362_363994363_0,363994362,363994363,25.27779907258323,13.411200000000001,0.2,1,residential,False
tc_363994362_363994363_1,363994362,363994363,55.67869083054646,13.411200000000001,0.2,1,residential,False
tc_363994363_363994362_0,363994363,363994362,25.27779907258323,13.411200000000001,0.2,1,residential,False
tc_363994363_363994362_1,363994363,363994362,55.67869083054647,13.411200000000001,0.2,1,residential,False
tc_363994363_363994365_0,363994363,363994365,42.1386192642526,13.411200000000001,0.2,1,residential,False
tc_363994363_863300981_0,363994363,863300981,58.96747117547788,13.411200000000001,0.2,1,residential,False
tc_363994365_363994363_0,363994365,363994363,42.1386192642526,13.411200000000001,0.2,1,residential,False
tc_366568174_270356309_0,366568174,270356309,305.0111531475922,13.411200000000001,0.2,2,tertiary,False
tc_366568174_366568192_0,366568174,366568192,69.72781044377606,13.411200000000001,0.2,1,residential,False
tc_366568174_863296362_0,366568174,863296362,108.05655648277201,13.411200000000001,0.2,2,tertiary,False
tc_366568177_366568180_0,366568177,366568180,29.19324168941628,13.411200000000001,0.2,1,residential,False
tc_366568178_366568179_0,366568178,366568179,44.09717630181457,13.411200000000001,0.2,1,residential,False
tc_366568178_366568180_0,366568178,366568180,71.30337446182693,13.411200000000001,0.2,1,residential,False
tc_366568178_366568192_0,366568178,366568192,77.60465244588787,13.411200000000001,0.2,1,residential,False
tc_366568179_366568178_0,366568179,366568178,44.09717630181457,13.411200000000001,0.2,1,residential,False
tc_366568180_366568177_0,366568180,366568177,29.19324168941628,13.411200000000001,0.2,1,residential,False
tc_366568180_366568178_0,366568180,366568178,71.30337446182693,13.411200000000001,0.2,1,residential,False
tc_366568180_366568192_0,366568180,366568192,324.94373202206987,13.411200000000001,0.2,1,residential,False
tc_366568192_366568174_0,366568192,366568174,69.72781044377606,13.411200000000001,0.2,1,residential,False
tc_366568192_366568178_0,366568192,366568178,77.60465244588787,13.411200000000001,0.2,1,residential,False
tc_366568192_366568180_0,366568192,366568180,324.9437320220699,13.411200000000001,0.2,1,residential,False
tc_3673008044_3673008045_0,3673008044,3673008045,13.435739384122035,8.940800000000001,0.2,1,residential,False
tc_3673008044_3673008046_0,3673008044,3673008046,13.034297039027908,8.940800000000001,0.2,1,residential,False
tc_3673008044_863382484_0,3673008044,863382484,98.00016451586359,8.940800000000001,0.2,1,residential,False
tc_3673008045_3673008044_0,3673008045,3673008044,13.435739384122035,8.940800000000001,0.2,1,residential,False
tc_3673008046_3673008044_0,3673008046,3673008044,13.034297039027908,8.940800000000001,0.2,1,residential,False
tc_369817321_243662941_0,369817321,243662941,44.891610933201235,13.411200000000001,0.2,2,residential,False
tc_369817321_369817324_0,369817321,369817324,65.0745799301386,13.411200000000001,0.2,1,residential,False
tc_369817321_369817330_0,369817321,369817330,81.10912913429141,13.411200000000001,0.2,2,residential,False
tc_369817324_369817321_0,369817324,369817321,65.0745799301386,13.411200000000001,0.2,1,residential,False
tc_369817330_369817321_0,369817330,369817321,81.1091291342914,13.411200000000001,0.2,2,residential,False
tc_369817330_369817333_0,369817330,369817333,59.65225431320248,13.411200000000001,0.2,1,residential,False
tc_369817330_410184883_0,369817330,410184883,36.290821218287135,13.411200000000001,0.2,2,residential,False
tc_369817333_369817330_0,369817333,369817330,59.65225431320248,13.411200000000001,0.2,1,residential,False
tc_369817333_369817334_0,369817333,369817334,57.077496935286156,13.411200000000001,0.2,1,residential,False
tc_369817333_369817335_0,369817333,369817335,62.4090955890512,13.411200000000001,0.2,1,residential,False
tc_369817334_369817333_0,369817334,369817333,57.077496935286156,13.411200000000001,0.2,1,residential,False
tc_369817335_369817333_0,369817335,369817333,62.4090955890512,13.411200000000001,0.2,1,residential,False
tc_369817335_369817338_0,369817335,369817338,47.58839877834006,13.411200000000001,0.2,1,residential,False
tc_369817335_9785409376_0,369817335,9785409376,30.276240155331124,13.411200000000001,0.2,1,residential,False
tc_369817338_369817335_0,369817338,369817335,47.58839877834006,13.411200000000001,0.2,1,residential,False
tc_369817339_369817342_0,369817339,369817342,50.17073443691534,13.411200000000001,0.2,1,residential,False
tc_369817339_410184892_0,369817339,410184892,38.69385105073908,13.411200000000001,0.2,2,residential,False
tc_369817339_410184897_0,369817339,410184897,16.56765434516918,13.411200000000001,0.2,2,residential,False
tc_369817342_369817339_0,369817342,369817339,50.17073443691534,13.411200000000001,0.2,1,residential,False
tc_369817343_192302096_0,369817343,192302096,45.2440716507526,8.940800000000001,0.2,2,tertiary,False
tc_369817343_369817365_0,369817343,369817365,76.95952538125408,8.940800000000001,0.2,1,residential,False
tc_369817343_863373591_0,369817343,863373591,123.74529866974524,8.940800000000001,0.2,2,tertiary,False
tc_369817365_369817343_0,369817365,369817343,76.95952538125408,8.940800000000001,0.2,1,residential,False
tc_369817365_379805113_0,369817365,379805113,45.10681490868849,8.940800000000001,0.2,1,residential,False
tc_369817365_382400474_0,369817365,382400474,114.61832329421632,8.940800000000001,0.2,1,residential,False
tc_373310017_243662951_0,373310017,243662951,97.30174148413991,13.411200000000001,0.2,2,tertiary,False
tc_373310017_356714597_0,373310017,356714597,56.18180541318257,13.411200000000001,0.2,2,tertiary,False
tc_373310017_373310062_0,373310017,373310062,47.42015811624323,13.411200000000001,0.2,1,residential,False
tc_373310024_373310057_0,373310024,373310057,135.47325678081754,13.411200000000001,0.2,1,residential,False
tc_373310024_373310062_0,373310024,373310062,17.919648491551253,13.411200000000001,0.2,1,residential,False
tc_373310024_373310105_0,373310024,373310105,22.94878397154665,13.411200000000001,0.2,1,residential,False
tc_373310057_373310024_0,373310057,373310024,135.47325678081754,13.411200000000001,0.2,1,residential,False
tc_373310062_1596861557_0,373310062,1596861557,186.37800052968376,13.411200000000001,0.2,1,residential,False
tc_373310062_373310017_0,373310062,373310017,47.42015811624323,13.411200000000001,0.2,1,residential,False
tc_373310062_373310024_0,373310062,373310024,17.919648491551253,13.411200000000001,0.2,1,residential,False
tc_373310105_373310024_0,373310105,373310024,22.94878397154665,13.411200000000001,0.2,1,residential,False
tc_379805113_369817365_0,379805113,369817365,45.10681490868849,8.940800000000001,0.2,1,residential,False
tc_379805113_379805114_0,379805113,379805114,30.293367202081985,8.940800000000001,0.2,1,residential,False
tc_379805113_379805123_0,379805113,379805123,86.15863395163775,8.940800000000001,0.2,1,residential,False
tc_379805114_379805113_0,379805114,379805113,30.293367202081985,8.940800000000001,0.2,1,residential,False
tc_379805114_379805114_0,379805114,379805114,113.79686414973057,8.940800000000001,0.2,1,residential,False
tc_379805114_379805114_1,379805114,379805114,113.79686414973054,8.940800000000001,0.2,1,residential,False
tc_379805123_379805113_0,379805123,379805113,86.15863395163775,8.940800000000001,0.2,1,residential,False
tc_379805123_379805129_0,379805123,379805129,61.91037317477246,8.940800000000001,0.2,1,residential,False
tc_379805123_382400479_0,379805123,382400479,98.2502102565961,8.940800000000001,0.2,1,residential,False
tc_379805129_379805123_0,379805129,379805123,61.91037317477246,8.940800000000001,0.2,1,residential,False
tc_379805129_379805130_0,379805129,379805130,8.297528945282238,8.940800000000001,0.2,1,residential,False
tc_379805129_6576853833_0,379805129,6576853833,81.66594160113023,8.940800000000001,0.2,1,residential,False
tc_379805130_379805129_0,379805130,379805129,8.297528945282238,8.940800000000001,0.2,1,residential,False
tc_379805130_379805131_0,379805130,379805131,44.42908366726354,8.940800000000001,0.2,1,residential,False
tc_379805130_379805137_0,379805130,379805137,54.73250049337615,8.940800000000001,0.2,1,residential,False
tc_379805131_379805130_0,379805131,379805130,44.42908366726354,8.940800000000001,0.2,1,residential,False
tc_379805131_379805133_0,379805131,379805133,12.972850171799163,8.940800000000001,0.2,1,residential,False
tc_379805131_379805134_0,379805131,379805134,13.501470993449287,8.940800000000001,0.2,1,residential,False
tc_379805133_379805131_0,379805133,379805131,12.972850171799163,8.940800000000001,0.2,1,residential,False
tc_379805134_379805131_0,379805134,379805131,13.501470993449287,8.940800000000001,0.2,1,residential,False
tc_379805137_379805130_0,379805137,379805130,54.73250049337615,8.940800000000001,0.2,1,residential,False
tc_379805138_270360128_0,379805138,270360128,86.8164816984859,8.940800000000001,0.2,1,residential,False
tc_379805138_270360130_0,379805138,270360130,40.07893070348942,8.940800000000001,0.2,1,residential,False
tc_379805138_379805141_0,379805138,379805141,35.3757858759376,8.940800000000001,0.2,1,residential,False
tc_379805141_270360130_0,379805141,270360130,25.87554451448067,8.940800000000001,0.2,2,primary,False
tc_379805141_27537612_0,379805141,27537612,75.98237004624345,8.940800000000001,0.2,2,primary,False
tc_379805141_379805138_0,379805141,379805138,35.3757858759376,8.940800000000001,0.2,1,residential,False
tc_382400472_382400474_0,382400472,382400474,71.93240143857531,8.940800000000001,0.2,1,residential,False
tc_382400472_863372585_0,382400472,863372585,39.36462187213047,8.940800000000001,0.2,2,tertiary,False
tc_382400472_863373591_0,382400472,863373591,7.4986337392751015,8.940800000000001,0.2,2,tertiary,False
tc_382400474_369817365_0,382400474,369817365,114.61832329421632,8.940800000000001,0.2,1,residential,False
tc_382400474_382400472_0,382400474,382400472,71.93240143857531,8.940800000000001,0.2,1,residential,False
tc_382400474_382400476_0,382400474,382400476,44.201549123974004,8.940800000000001,0.2,1,residential,False
tc_382400474_382400479_0,382400474,382400479,176.4194437203992,8.940800000000001,0.2,1,residential,False
tc_382400476_382400474_0,382400476,382400474,44.201549123974004,8.940800000000001,0.2,1,residential,False
tc_382400479_379805123_0,382400479,379805123,98.25021025659609,8.940800000000001,0.2,1,residential,False
tc_382400479_382400474_0,382400479,382400474,176.41944372039922,8.940800000000001,0.2,1,residential,False
tc_382400479_382400490_0,382400479,382400490,143.84602236940918,8.940800000000001,0.2,1,residential,False
tc_382400487_382400490_0,382400487,382400490,53.063459929161205,8.940800000000001,0.2,1,residential,False
tc_382400490_382400479_0,382400490,382400479,143.84602236940918,8.940800000000001,0.2,1,residential,False
tc_382400490_382400487_0,382400490,382400487,53.063459929161205,8.940800000000001,0.2,1,residential,False
tc_382400490_382400493_0,382400490,382400493,32.24813589280176,8.940800000000001,0.2,1,residential,False
tc_382400493_3062774875_0,382400493,3062774875,39.1785768107074,8.940800000000001,0.2,1,residential,False
tc_382400493_382400490_0,382400493,382400490,32.24813589280176,8.940800000000001,0.2,1,residential,False
tc_382400493_382400499_0,382400493,382400499,81.57799610571142,8.940800000000001,0.2,1,residential,False
tc_382400499_382400493_0,382400499,382400493,81.57799610571142,8.940800000000001,0.2,1,residential,False
tc_384747342_243662958_0,384747342,243662958,106.45091579117909,13.411200000000001,0.2,2,tertiary,False
tc_384747342_243662961_0,384747342,243662961,44.40808020729371,13.411200000000001,0.2,2,tertiary,False
tc_384747342_384747355_0,384747342,384747355,35.32792845048076,13.411200000000001,0.2,1,residential,False
tc_384747345_384747346_0,384747345,384747346,33.718425367138316,13.411200000000001,0.2,1,residential,False
tc_384747345_384747354_0,384747345,384747354,124.24050765993464,13.411200000000001,0.2,1,residential,False
tc_384747345_384747360_0,384747345,384747360,22.929183229662257,13.411200000000001,0.2,1,residential,False
tc_384747346_384747345_0,384747346,384747345,33.718425367138316,13.411200000000001,0.2,1,residential,False
tc_384747346_384747347_0,384747346,384747347,31.20794308673063,13.411200000000001,0.2,1,residential,False
tc_384747346_384747349_0,384747346,384747349,44.14643736035237,13.411200000000001,0.2,1,residential,False
tc_384747347_384747346_0,384747347,384747346,31.20794308673063,13.411200000000001,0.2,1,residential,False
tc_384747349_384747346_0,384747349,384747346,44.14643736035237,13.411200000000001,0.2,1,residential,False
tc_384747349_7937180598_0,384747349,7937180598,8.44031621183943,13.411200000000001,0.2,1,residential,False
tc_384747349_7937180599_0,384747349,7937180599,10.126947642380077,13.411200000000001,0.2,1,residential,False
tc_384747354_384747345_0,384747354,384747345,124.24050765993462,13.411200000000001,0.2,1,residential,False
tc_384747354_7937180600_0,384747354,7937180600,12.224918921907811,13.411200000000001,0.2,1,residential,False
tc_384747354_7937180601_0,384747354,7937180601,16.13351563343704,13.411200000000001,0.2,1,residential,False
tc_384747355_384747342_0,384747355,384747342,35.32792845048076,13.411200000000001,0.2,1,residential,False
tc_384747355_384747360_0,384747355,384747360,44.56493854984163,13.411200000000001,0.2,1,residential,False
tc_384747355_384747502_0,384747355,384747502,48.622414611070425,13.411200000000001,0.2,1,residential,False
tc_384747359_384747502_0,384747359,384747502,87.61217585684697,13.411200000000001,0.2,1,residential,False
tc_384747360_384747345_0,384747360,384747345,22.929183229662257,13.411200000000001,0.2,1,residential,False
tc_384747360_384747355_0,384747360,384747355,44.56493854984163,13.411200000000001,0.2,1,residential,False
tc_384747360_384747365_0,384747360,384747365,53.451240485718074,13.411200000000001,0.2,1,residential,False
tc_384747365_384747360_0,384747365,384747360,53.45124048571808,13.411200000000001,0.2,1,residential,False
tc_384747365_384747366_0,384747365,384747366,27.757852603473033,13.411200000000001,0.2,1,residential,False
tc_384747365_384750484_0,384747365,384750484,10.030731979087273,13.411200000000001,0.2,1,residential,False
tc_384747366_384747365_0,384747366,384747365,27.757852603473033,13.411200000000001,0.2,1,residential,False
tc_384747502_384747355_0,384747502,384747355,48.622414611070425,13.411200000000001,0.2,1,residential,False
tc_384747502_384747359_0,384747502,384747359,87.61217585684699,13.411200000000001,0.2,1,residential,False
tc_384747502_384747504_0,384747502,384747504,14.590191883132269,13.411200000000001,0.2,1,residential,False
tc_384747504_384747502_0,384747504,384747502,14.590191883132269,13.411200000000001,0.2,1,residential,False
tc_384750484_384747365_0,384750484,384747365,10.030731979087273,13.411200000000001,0.2,1,residential,False
tc_410182009_243662941_0,410182009,243662941,217.15954518538726,8.940800000000001,0.2,2,tertiary,False
tc_410182009_243662951_0,410182009,243662951,79.29332292563119,8.940800000000001,0.2,2,tertiary,False
tc_410182009_410182022_0,410182009,410182022,138.63235527675988,13.411200000000001,0.2,1,residential,False
tc_410182016_416457719_0,410182016,416457719,62.936004832163924,13.411200000000001,0.2,1,residential,False
tc_410182016_416457720_0,410182016,416457720,29.86242253027263,13.411200000000001,0.2,1,residential,False
tc_410182016_9554344873_0,410182016,9554344873,152.20732076541594,13.411200000000001,0.2,1,residential,False
tc_410182021_410182067_0,410182021,410182067,11.51370822039885,13.411200000000001,0.2,1,residential,False
tc_410182022_410182009_0,410182022,410182009,138.63235527675988,13.411200000000001,0.2,1,residential,False
tc_410182022_410182033_0,410182022,410182033,60.81399063597006,13.411200000000001,0.2,1,residential,False
tc_410182022_9554344873_0,410182022,9554344873,78.55750509736247,13.411200000000001,0.2,1,residential,False
tc_410182023_410182031_0,410182023,410182031,45.33451522121497,13.411200000000001,0.2,1,residential,False
tc_410182023_410182033_0,410182023,410182033,12.524797883472123,13.411200000000001,0.2,1,residential,False
tc_410182023_410182040_0,410182023,410182040,61.99166134817107,13.411200000000001,0.2,1,residential,False
tc_410182024_410182025_0,410182024,410182025,58.66779053401321,13.411200000000001,0.2,1,residential,False
tc_410182024_410182031_0,410182024,410182031,16.476045615384695,13.411200000000001,0.2,1,residential,False
tc_410182024_410182039_0,410182024,410182039,73.17249393420376,13.411200000000001,0.2,1,residential,False
tc_410182025_410182024_0,410182025,410182024,58.66779053401321,13.411200000000001,0.2,1,residential,False
tc_410182025_410182035_0,410182025,410182035,35.747852974643365,13.411200000000001,0.2,1,residential,False
tc_410182025_410182037_0,410182025,410182037,46.63579626596491,13.411200000000001,0.2,1,residential,False
tc_410182027_410182037_0,410182027,410182037,21.165586649667446,13.411200000000001,0.2,1,residential,False
tc_410182030_410182035_0,410182030,410182035,29.99081905794756,13.411200000000001,0.2,1,residential,False
tc_410182031_410182023_0,410182031,410182023,45.33451522121497,13.411200000000001,0.2,1,residential,False
tc_410182031_410182024_0,410182031,410182024,16.476045615384695,13.411200000000001,0.2,1,residential,False
tc_410182031_410182032_0,410182031,410182032,81.27416759872995,13.411200000000001,0.2,1,residential,False
tc_410182032_410182031_0,410182032,410182031,81.27416759872995,13.411200000000001,0.2,1,residential,False
tc_410182033_410182022_0,410182033,410182022,60.81399063597006,13.411200000000001,0.2,1,residential,False
tc_410182033_410182023_0,410182033,410182023,12.524797883472123,13.411200000000001,0.2,1,residential,False
tc_410182033_410182034_0,410182033,410182034,91.5257722877907,13.411200000000001,0.2,1,residential,False
tc_410182034_410182033_0,410182034,410182033,91.5257722877907,13.411200000000001,0.2,1,residential,False
tc_410182035_410182025_0,410182035,410182025,35.747852974643365,13.411200000000001,0.2,1,residential,False
tc_410182035_410182030_0,410182035,410182030,29.99081905794756,13.411200000000001,0.2,1,residential,False
tc_410182035_410182036_0,410182035,410182036,52.166331794078694,13.411200000000001,0.2,1,residential,False
tc_410182036_410182035_0,410182036,410182035,52.166331794078694,13.411200000000001,0.2,1,residential,False
tc_410182037_410182025_0,410182037,410182025,46.63579626596491,13.411200000000001,0.2,1,residential,False
tc_410182037_410182027_0,410182037,410182027,21.165586649667446,13.411200000000001,0.2,1,residential,False
tc_410182037_410182038_0,410182037,410182038,48.279747282192524,13.411200000000001,0.2,1,residential,False
tc_410182038_410182037_0,410182038,410182037,48.279747282192524,13.411200000000001,0.2,1,residential,False
tc_410182039_410182024_0,410182039,410182024,73.17249393420376,13.411200000000001,0.2,1,residential,False
tc_410182040_410182023_0,410182040,410182023,61.99166134817107,13.411200000000001,0.2,1,residential,False
tc_410182067_410182021_0,410182067,410182021,11.51370822039885,13.411200000000001,0.2,1,residential,False
tc_410182067_410182068_0,410182067,410182068,52.18816984583196,13.411200000000001,0.2,1,residential,False
tc_410182067_416457717_0,410182067,416457717,53.08788842965631,13.411200000000001,0.2,1,residential,False
tc_410182068_410182067_0,410182068,410182067,52.18816984583196,13.411200000000001,0.2,1,residential,False
tc_410184883_369817330_0,410184883,369817330,36.290821218287135,13.411200000000001,0.2,2,residential,False
tc_410184883_410184891_0,410184883,410184891,140.515826865281,13.411200000000001,0.2,1,residential,False
tc_410184883_410184892_0,410184883,410184892,57.3956856829841,13.411200000000001,0.2,2,residential,False
tc_410184891_410184883_0,410184891,410184883,140.51582686528099,13.411200000000001,0.2,1,residential,False
tc_410184892_369817339_0,410184892,369817339,38.69385105073908,13.411200000000001,0.2,2,residential,False
tc_410184892_410184883_0,410184892,410184883,57.3956856829841,13.411200000000001,0.2,2,residential,False
tc_410184892_410184896_0,410184892,410184896,80.79957499312935,13.411200000000001,0.2,1,residential,False
tc_410184896_410184892_0,410184896,410184892,80.79957499312935,13.411200000000001,0.2,1,residential,False
tc_410184897_353955745_0,410184897,353955745,32.93244610016767,13.411200000000001,0.2,2,residential,False
tc_410184897_369817339_0,410184897,369817339,16.56765434516918,13.411200000000001,0.2,2,residential,False
tc_410184897_410184907_0,410184897,410184907,132.98373203667506,13.411200000000001,0.2,1,residential,False
tc_410184907_410184897_0,410184907,410184897,132.98373203667504,13.411200000000001,0.2,1,residential,False
tc_410184907_410184907_0,410184907,410184907,45.519694821049875,13.411200000000001,0.2,1,residential,False
tc_410184907_410184907_1,410184907,410184907,45.51969482104986,13.411200000000001,0.2,1,residential,False
tc_4130110392_863283554_0,4130110392,863283554,36.04495932606017,8.88888888888889,0.2,1,residential,False
tc_4159941500_363994344_0,4159941500,363994344,5.802680557409699,13.411200000000001,0.2,1,residential,False
tc_4159941501_363994344_0,4159941501,363994344,6.81439735407636,13.411200000000001,0.2,1,residential,False
tc_416457717_410182067_0,416457717,410182067,53.08788842965631,13.411200000000001,0.2,1,residential,False
tc_416457717_416457718_0,416457717,416457718,44.864545229990156,13.411200000000001,0.2,1,residential,False
tc_416457717_416457720_0,416457717,416457720,33.48955564318877,13.411200000000001,0.2,1,residential,False
tc_416457718_416457717_0,416457718,416457717,44.864545229990156,13.411200000000001,0.2,1,residential,False
tc_416457719_410182016_0,416457719,410182016,62.93600483216392,13.411200000000001,0.2,1,residential,False
tc_416457720_410182016_0,416457720,410182016,29.86242253027263,13.411200000000001,0.2,1,residential,False
tc_416457720_416457717_0,416457720,416457717,33.48955564318877,13.411200000000001,0.2,1,residential,False
tc_416457720_416457723_0,416457720,416457723,72.29524334322231,13.411200000000001,0.2,1,residential,False
tc_416457723_416457720_0,416457723,416457720,72.29524334322231,13.411200000000001,0.2,1,residential,False
tc_4177041196_246815080_0,4177041196,246815080,57.76639686314797,13.411200000000001,0.2,2,secondary,False
tc_4177041196_4177041197_0,4177041196,4177041197,29.45109834042182,13.411200000000001,0.2,1,residential,False
tc_4177041196_863291317_0,4177041196,863291317,79.81987095463612,13.411200000000001,0.2,2,secondary,False
tc_4177041197_4177041196_0,4177041197,4177041196,29.45109834042182,13.411200000000001,0.2,1,residential,False
tc_507056613_507056618_0,507056613,507056618,16.554133938017046,8.940800000000001,0.2,2,primary,True
tc_507056613_863357711_0,507056613,863357711,70.75201195642033,8.940800000000001,0.2,2,primary,False
tc_507056618_1596955287_0,507056618,1596955287,21.755890293481016,8.940800000000001,0.2,2,primary,False
tc_507056618_507056624_0,507056618,507056624,14.093646529444186,8.940800000000001,0.2,2,primary,True
tc_507056624_27537608_0,507056624,27537608,25.15569768786498,8.940800000000001,0.2,2,primary,True
tc_507056624_7896352527_0,507056624,7896352527,13.516843829839335,8.940800000000001,0.2,2,primary,True
tc_548809636_357452771_0,548809636,357452771,54.024604122110745,8.940800000000001,0.2,1,residential,False
tc_549304211_190546592_0,549304211,190546592,162.13130595018086,13.411200000000001,0.2,2,residential,False
tc_549304211_549304213_0,549304211,549304213,22.81556691112333,13.411200000000001,0.2,2,residential,False
tc_549304211_863288180_0,549304211,863288180,70.16683098952026,13.411200000000001,0.2,1,residential,False
tc_549304213_549304211_0,549304213,549304211,22.81556691112333,13.411200000000001,0.2,2,residential,False
tc_549304213_863287125_0,549304213,863287125,120.70766214558287,13.411200000000001,0.2,2,residential,False
tc_549304213_863287991_0,549304213,863287991,75.86979562340149,13.411200000000001,0.2,1,residential,False
tc_549304245_3633298359_0,549304245,3633298359,65.53998382155514,8.940800000000001,0.2,2,unclassified,False
tc_6576853833_270356301_0,6576853833,270356301,277.1294886381316,8.940800000000001,0.2,1,residential,False
tc_6576853833_270359880_0,6576853833,270359880,59.596360967533045,8.940800000000001,0.2,1,residential,False
tc_6576853833_379805129_0,6576853833,379805129,81.66594160113021,8.940800000000001,0.2,1,residential,False
tc_6576853836_270356301_0,6576853836,270356301,89.47518394806232,8.940800000000001,0.2,2,residential,False
tc_6576853836_27538532_0,6576853836,27538532,191.54820781483593,8.940800000000001,0.2,2,residential,False
tc_6576853836_8184916874_0,6576853836,8184916874,44.79621000921653,8.940800000000001,0.2,1,residential,False
tc_675994099_675994118_0,675994099,675994118,300.4164433947803,8.940800000000001,0.2,1,residential,False
tc_675994116_192302052_0,675994116,192302052,188.73573621910302,8.940800000000001,0.2,1,residential,False
tc_675994116_675994118_0,675994116,675994118,67.4475059063085,8.940800000000001,0.2,1,residential,False
tc_675994116_675994141_0,675994116,675994141,124.0496944549624,8.940800000000001,0.2,1,residential,False
tc_675994118_675994099_0,675994118,675994099,300.41644339478034,8.940800000000001,0.2,1,residential,False
tc_675994118_675994116_0,675994118,675994116,67.4475059063085,8.940800000000001,0.2,1,residential,False
tc_675994118_675994142_0,675994118,675994142,90.54519694139495,8.940800000000001,0.2,1,residential,False
tc_675994135_675994162_0,675994135,675994162,20.89005252320469,8.940800000000001,0.2,1,residential,False
tc_675994137_675994142_0,675994137,675994142,40.08891598548092,8.940800000000001,0.2,1,residential,False
tc_675994137_683646441_0,675994137,683646441,83.97645517650572,8.940800000000001,0.2,1,residential,False
tc_675994137_683646448_0,675994137,683646448,28.73170097707897,8.940800000000001,0.2,1,residential,False
tc_675994140_683646448_0,675994140,683646448,29.16861272086134,8.940800000000001,0.2,1,residential,False
tc_675994141_675994116_0,675994141,675994116,124.04969445496242,8.940800000000001,0.2,1,residential,False
tc_675994141_675994142_0,675994141,675994142,71.85710512954708,8.940800000000001,0.2,1,residential,False
tc_675994141_675994143_0,675994141,675994143,106.35076416258354,8.940800000000001,0.2,1,residential,False
tc_675994141_687142673_0,675994141,687142673,69.1524975202507,8.940800000000001,0.2,1,residential,False
tc_675994142_675994118_0,675994142,675994118,90.54519694139495,8.940800000000001,0.2,1,residential,False
tc_675994142_675994137_0,675994142,675994137,40.08891598548092,8.940800000000001,0.2,1,residential,False
tc_675994142_675994141_0,675994142,675994141,71.85710512954708,8.940800000000001,0.2,1,residential,False
tc_675994142_675994164_0,675994142,675994164,182.19107900328862,8.940800000000001,0.2,1,residential,False
tc_675994143_192302052_0,675994143,192302052,16.615063313530023,8.940800000000001,0.2,2,tertiary,False
tc_675994143_192302066_0,675994143,192302066,155.25958909992522,8.940800000000001,0.2,2,tertiary,False
tc_675994143_675994141_0,675994143,675994141,106.35076416258354,8.940800000000001,0.2,1,residential,False
tc_675994144_192302049_0,675994144,192302049,31.72659810856001,8.940800000000001,0.2,1,residential,False
tc_675994144_675994145_0,675994144,675994145,101.99337941035195,8.940800000000001,0.2,1,residential,False
tc_675994144_681623158_0,675994144,681623158,69.1111327917091,8.940800000000001,0.2,1,residential,False
tc_675994145_243978957_0,675994145,243978957,31.277928612129447,8.940800000000001,0.2,1,residential,False
tc_675994145_675994144_0,675994145,675994144,101.99337941035195,8.940800000000001,0.2,1,residential,False
tc_675994145_681623161_0,675994145,681623161,70.06119195616323,8.940800000000001,0.2,1,residential,False
tc_675994148_192302066_0,675994148,192302066,96.65254407494962,8.940800000000001,0.2,1,residential,False
tc_675994148_675994164_0,675994148,675994164,75.46306819031714,8.940800000000001,0.2,1,residential,False
tc_675994148_687142673_0,675994148,687142673,67.74410536172212,8.940800000000001,0.2,1,residential,False
tc_675994155_675994156_0,675994155,675994156,15.629031621479132,8.940800000000001,0.2,1,residential,False
tc_675994156_675994155_0,675994156,675994155,15.629031621479132,8.940800000000001,0.2,1,residential,False
tc_675994156_675994157_0,675994156,675994157,9.29270975102221,8.940800000000001,0.2,1,residential,False
tc_675994156_675994159_0,675994156,675994159,52.917473366341866,8.940800000000001,0.2,1,residential,False
tc_675994157_675994156_0,675994157,675994156,9.29270975102221,8.940800000000001,0.2,1,residential,False
tc_675994159_675994156_0,675994159,675994156,52.917473366341866,8.940800000000001,0.2,1,residential,False
tc_675994159_675994162_0,675994159,675994162,39.478516507874545,8.940800000000001,0.2,1,residential,False
tc_675994159_675994164_0,675994159,675994164,110.5841437138303,8.940800000000001,0.2,1,residential,False
tc_675994162_675994135_0,675994162,675994135,20.89005252320469,8.940800000000001,0.2,1,residential,False
tc_675994162_675994159_0,675994162,675994159,39.478516507874545,8.940800000000001,0.2,1,residential,False
tc_675994162_675994163_0,675994162,675994163,12.972990542143783,8.940800000000001,0.2,1,residential,False
tc_675994163_675994162_0,675994163,675994162,12.972990542143783,8.940800000000001,0.2,1,residential,False
tc_675994164_675994142_0,675994164,675994142,182.1910790032886,8.940800000000001,0.2,1,residential,False
tc_675994164_675994148_0,675994164,675994148,75.46306819031713,8.940800000000001,0.2,1,residential,False
tc_675994164_675994159_0,675994164,675994159,110.5841437138303,8.940800000000001,0.2,1,residential,False
tc_6790317437_1596955595_0,6790317437,1596955595,67.36262142423735,8.940800000000001,0.2,1,residential,False
tc_6790317437_6790317438_0,6790317437,6790317438,23.08159376035439,8.940800000000001,0.2,1,residential,False
tc_6790317437_6790317439_0,6790317437,6790317439,26.75336895980145,8.940800000000001,0.2,1,residential,False
tc_6790317438_6790317437_0,6790317438,6790317437,23.08159376035439,8.940800000000001,0.2,1,residential,False
tc_6790317439_6790317437_0,6790317439,6790317437,26.75336895980145,8.940800000000001,0.2,1,residential,False
tc_681623158_675994144_0,681623158,675994144,69.1111327917091,8.940800000000001,0.2,1,residential,False
tc_681623158_681623161_0,681623158,681623161,102.68602186397348,8.940800000000001,0.2,1,residential,False
tc_681623158_681623165_0,681623158,681623165,70.0509186514484,8.940800000000001,0.2,1,residential,False
tc_681623161_675994145_0,681623161,675994145,70.06119195616323,8.940800000000001,0.2,1,residential,False
tc_681623161_681623158_0,681623161,681623158,102.68602186397348,8.940800000000001,0.2,1,residential,False
tc_681623161_681623163_0,681623161,681623163,70.1094534678661,8.940800000000001,0.2,1,residential,False
tc_681623163_1596861575_0,681623163,1596861575,31.88823728737392,8.940800000000001,0.2,1,residential,False
tc_681623163_681623161_0,681623163,681623161,70.1094534678661,8.940800000000001,0.2,1,residential,False
tc_681623163_681623165_0,681623163,681623165,104.41164147250859,8.940800000000001,0.2,1,residential,False
tc_681623165_1596861576_0,681623165,1596861576,31.478831933419407,8.940800000000001,0.2,1,residential,False
tc_681623165_681623158_0,681623165,681623158,70.0509186514484,8.940800000000001,0.2,1,residential,False
tc_681623165_681623163_0,681623165,681623163,104.41164147250859,8.940800000000001,0.2,1,residential,False
tc_683646440_683646441_0,683646440,683646441,31.08413012059939,8.940800000000001,0.2,1,residential,False
tc_683646441_675994137_0,683646441,675994137,83.97645517650571,8.940800000000001,0.2,1,residential,False
tc_683646441_683646440_0,683646441,683646440,31.08413012059939,8.940800000000001,0.2,1,residential,False
tc_683646441_683646444_0,683646441,683646444,47.057749250861605,8.940800000000001,0.2,1,residential,False
tc_683646444_683646441_0,683646444,683646441,47.057749250861605,8.940800000000001,0.2,1,residential,False
tc_683646448_675994137_0,683646448,675994137,28.73170097707897,8.940800000000001,0.2,1,residential,False
tc_683646448_675994140_0,683646448,675994140,29.16861272086134,8.940800000000001,0.2,1,residential,False
tc_683646448_683646450_0,683646448,683646450,5.2064116258610325,8.940800000000001,0.2,1,residential,False
tc_683646450_683646448_0,683646450,683646448,5.2064116258610325,8.940800000000001,0.2,1,residential,False
tc_683646460_1604219936_0,683646460,1604219936,51.815196978165034,8.940800000000001,0.2,1,residential,False
tc_683646462_1604219936_0,683646462,1604219936,65.24215984365595,8.940800000000001,0.2,1,residential,False
tc_683646462_192302049_0,683646462,192302049,29.440462948126093,8.940800000000001,0.2,2,tertiary,False
tc_683646462_8409091203_0,683646462,8409091203,76.37916875301205,8.940800000000001,0.2,2,tertiary,False
tc_683646479_683646481_0,683646479,683646481,9.205979609239096,13.411200000000001,0.2,1,residential,False
tc_683646479_683646484_0,683646479,683646484,60.521758803327394,13.411200000000001,0.2,1,residential,False
tc_683646479_683646490_0,683646479,683646490,147.76220253071517,13.411200000000001,0.2,1,residential,False
tc_683646481_683646479_0,683646481,683646479,9.205979609239096,13.411200000000001,0.2,1,residential,False
tc_683646483_683646484_0,683646483,683646484,48.277308998520816,13.411200000000001,0.2,1,residential,False
tc_683646483_75632264_0,683646483,75632264,19.93238546949567,13.411200000000001,0.2,2,primary,False
tc_683646483_75632270_0,683646483,75632270,76.43708069408962,13.411200000000001,0.2,2,primary,False
tc_683646484_683646479_0,683646484,683646479,60.521758803327394,13.411200000000001,0.2,1,residential,False
tc_683646484_683646483_0,683646484,683646483,48.277308998520816,13.411200000000001,0.2,1,residential,False
tc_683646484_683646490_0,683646484,683646490,96.74188937484529,13.411200000000001,0.2,1,residential,False
tc_683646486_683646487_0,683646486,683646487,27.6623214044999,13.411200000000001,0.2,1,residential,False
tc_683646486_683646490_0,683646486,683646490,189.86938513861983,13.411200000000001,0.2,1,residential,False
tc_683646486_683646492_0,683646486,683646492,34.824809054556226,13.411200000000001,0.2,1,residential,False
tc_683646487_683646486_0,683646487,683646486,27.6623214044999,13.411200000000001,0.2,1,residential,False
tc_683646490_683646479_0,683646490,683646479,147.76220253071517,13.411200000000001,0.2,1,residential,False
tc_683646490_683646484_0,683646490,683646484,96.74188937484529,13.411200000000001,0.2,1,residential,False
tc_683646490_683646486_0,683646490,683646486,189.8693851386199,13.411200000000001,0.2,1,residential,False
tc_683646492_683646486_0,683646492,683646486,34.824809054556226,13.411200000000001,0.2,1,residential,False
tc_687142645_190531705_0,687142645,190531705,208.76397106639945,13.411200000000001,0.2,2,secondary,False
tc_687142645_27537584_0,687142645,27537584,212.26731597858435,13.411200000000001,0.2,2,secondary,False
tc_687142645_687142650_0,687142645,687142650,34.398660256717534,13.411200000000001,0.2,1,residential,False
tc_687142647_687142650_0,687142647,687142650,77.18957189708215,13.411200000000001,0.2,1,residential,False
tc_687142647_863340675_0,687142647,863340675,103.47071391586981,13.411200000000001,0.2,1,residential,False
tc_687142647_863343439_0,687142647,863343439,49.500916962748185,13.411200000000001,0.2,1,residential,False
tc_687142650_687142645_0,687142650,687142645,34.398660256717534,13.411200000000001,0.2,1,residential,False
tc_687142650_687142647_0,687142650,687142647,77.18957189708215,13.411200000000001,0.2,1,residential,False
tc_687142650_687142652_0,687142650,687142652,40.99669082031752,13.411200000000001,0.2,1,residential,False
tc_687142652_687142650_0,687142652,687142650,40.99669082031752,13.411200000000001,0.2,1,residential,False
tc_687142652_687142654_0,687142652,687142654,48.152237259876,13.411200000000001,0.2,1,residential,False
tc_687142652_863343393_0,687142652,863343393,76.94835821083228,13.411200000000001,0.2,1,residential,False
tc_687142654_687142652_0,687142654,687142652,48.152237259875996,13.411200000000001,0.2,1,residential,False
tc_687142654_687142657_0,687142654,687142657,79.37537341116547,13.411200000000001,0.2,1,residential,False
tc_687142654_863342584_0,687142654,863342584,56.33329055006733,13.411200000000001,0.2,1,residential,False
tc_687142657_687142654_0,687142657,687142654,79.37537341116547,13.411200000000001,0.2,1,residential,False
tc_687142657_687142667_0,687142657,687142667,57.316271224051334,13.411200000000001,0.2,1,residential,False
tc_687142657_863342268_0,687142657,863342268,58.48275013384007,13.411200000000001,0.2,1,residential,False
tc_687142666_687142667_0,687142666,687142667,177.9084386939718,13.411200000000001,0.2,1,residential,False
tc_687142666_863341185_0,687142666,863341185,25.61885902208872,13.411200000000001,0.2,1,residential,False
tc_687142666_863343439_0,687142666,863343439,33.88847774037392,13.411200000000001,0.2,1,residential,False
tc_687142667_687142657_0,687142667,687142657,57.316271224051334,13.411200000000001,0.2,1,residential,False
tc_687142667_687142666_0,687142667,687142666,177.9084386939718,13.411200000000001,0.2,1,residential,False
tc_687142667_863341749_0,687142667,863341749,67.91244031375652,13.411200000000001,0.2,1,residential,False
tc_687142672_687142673_0,687142672,687142673,40.610903349877375,8.940800000000001,0.2,1,residential,False
tc_687142673_675994141_0,687142673,675994141,69.1524975202507,8.940800000000001,0.2,1,residential,False
tc_687142673_675994148_0,687142673,675994148,67.74410536172212,8.940800000000001,0.2,1,residential,False
tc_687142673_687142672_0,687142673,687142672,40.610903349877375,8.940800000000001,0.2,1,residential,False
tc_691475165_270356309_0,691475165,270356309,52.40857454626527,13.411200000000001,0.2,2,residential,False
tc_691475165_700350898_0,691475165,700350898,52.63564614518481,13.411200000000001,0.2,2,residential,False
tc_691475165_885842628_0,691475165,885842628,32.092134422531885,13.411200000000001,0.2,1,residential,False
tc_6951357516_863278826_0,6951357516,863278826,40.271877608010286,8.88888888888889,0.2,1,residential,False
tc_700350898_353955657_0,700350898,353955657,58.80205313226834,13.411200000000001,0.2,2,residential,False
tc_700350898_691475165_0,700350898,691475165,52.63564614518481,13.411200000000001,0.2,2,residential,False
tc_700350898_700350901_0,700350898,700350901,40.033316416014955,13.411200000000001,0.2,1,residential,False
tc_700350901_700350898_0,700350901,700350898,40.033316416014955,13.411200000000001,0.2,1,residential,False
tc_701192786_192408446_0,701192786,192408446,64.42614791330647,13.411200000000001,0.2,1,residential,False
tc_701192786_701192791_0,701192786,701192791,13.409455840086805,13.411200000000001,0.2,1,residential,False
tc_701192786_701192810_0,701192786,701192810,15.384613709708994,13.411200000000001,0.2,1,residential,False
tc_701192791_701192786_0,701192791,701192786,13.409455840086805,13.411200000000001,0.2,1,residential,False
tc_701192810_701192786_0,701192810,701192786,15.384613709708994,13.411200000000001,0.2,1,residential,False
tc_701192858_192408456_0,701192858,192408456,50.19639186759991,13.411200000000001,0.2,1,residential,False
tc_701192858_701192862_0,701192858,701192862,8.075377671858783,13.411200000000001,0.2,1,residential,False
tc_701192858_701192889_0,701192858,701192889,11.743822926166244,13.411200000000001,0.2,1,residential,False
tc_701192862_701192858_0,701192862,701192858,8.075377671858783,13.411200000000001,0.2,1,residential,False
tc_701192889_701192858_0,701192889,701192858,11.743822926166244,13.411200000000001,0.2,1,residential,False
tc_701192907_701192922_0,701192907,701192922,30.26843028382858,13.411200000000001,0.2,1,residential,False
tc_701192922_192408446_0,701192922,192408446,103.38635473804293,13.411200000000001,0.2,1,residential,False
tc_701192922_701192907_0,701192922,701192907,30.26843028382858,13.411200000000001,0.2,1,residential,False
tc_701192922_701193010_0,701192922,701193010,32.42195445437895,13.411200000000001,0.2,1,residential,False
tc_701193010_701192922_0,701193010,701192922,32.42195445437895,13.411200000000001,0.2,1,residential,False
tc_701193010_701193012_0,701193010,701193012,14.148701388125039,13.411200000000001,0.2,1,residential,False
tc_701193010_701193017_0,701193010,701193017,13.233046608936764,13.411200000000001,0.2,1,residential,False
tc_701193012_701193010_0,701193012,701193010,14.148701388125039,13.411200000000001,0.2,1,residential,False
tc_701193017_701193010_0,701193017,701193010,13.233046608936764,13.411200000000001,0.2,1,residential,False
tc_701194881_192408480_0,701194881,192408480,31.738144743367066,13.411200000000001,0.2,1,residential,False
tc_701194881_194539562_0,701194881,194539562,36.660249660492624,13.411200000000001,0.2,1,residential,False
tc_701194881_701194887_0,701194881,701194887,68.9567475298074,13.411200000000001,0.2,1,residential,False
tc_701194887_701194881_0,701194887,701194881,68.9567475298074,13.411200000000001,0.2,1,residential,False
tc_701194887_701194890_0,701194887,701194890,13.768867229061017,13.411200000000001,0.2,1,residential,False
tc_701194887_701194893_0,701194887,701194893,8.74272154578775,13.411200000000001,0.2,1,residential,False
tc_701194890_701194887_0,701194890,701194887,13.768867229061017,13.411200000000001,0.2,1,residential,False
tc_701194893_701194887_0,701194893,701194887,8.74272154578775,13.411200000000001,0.2,1,residential,False
tc_701194898_192408480_0,701194898,192408480,45.60349280581062,13.411200000000001,0.2,1,residential,False
tc_701194898_701194899_0,701194898,701194899,31.65660450801975,13.411200000000001,0.2,1,residential,False
tc_701194898_701197288_0,701194898,701197288,46.41478215632125,13.411200000000001,0.2,1,residential,False
tc_701194899_701194898_0,701194899,701194898,31.65660450801975,13.411200000000001,0.2,1,residential,False
tc_701194899_701194900_0,701194899,701194900,11.80177626872242,13.411200000000001,0.2,1,residential,False
tc_701194899_701194908_0,701194899,701194908,11.090522542165823,13.411200000000001,0.2,1,residential,False
tc_701194900_701194899_0,701194900,701194899,11.80177626872242,13.411200000000001,0.2,1,residential,False
tc_701194908_701194899_0,701194908,701194899,11.090522542165823,13.411200000000001,0.2,1,residential,False
tc_701197260_701197261_0,701197260,701197261,25.988369135118255,13.411200000000001,0.2,1,residential,False
tc_701197260_701197269_0,701197260,701197269,69.2410764911416,13.411200000000001,0.2,1,residential,False
tc_701197260_701197300_0,701197260,701197300,40.32117469067456,13.411200000000001,0.2,1,residential,False
tc_701197261_701197260_0,701197261,701197260,25.988369135118255,13.411200000000001,0.2,1,residential,False
tc_701197261_701197263_0,701197261,701197263,10.483992655555591,13.411200000000001,0.2,1,residential,False
tc_701197261_701197267_0,701197261,701197267,11.191319561877442,13.411200000000001,0.2,1,residential,False
tc_701197263_701197261_0,701197263,701197261,10.483992655555591,13.411200000000001,0.2,1,residential,False
tc_701197267_701197261_0,701197267,701197261,11.191319561877442,13.411200000000001,0.2,1,residential,False
tc_701197269_701197260_0,701197269,701197260,69.24107649114161,13.411200000000001,0.2,1,residential,False
tc_701197269_701197273_0,701197269,701197273,44.537628061615905,13.411200000000001,0.2,1,residential,False
tc_701197269_701197308_0,701197269,701197308,28.0348010963432,13.411200000000001,0.2,1,residential,False
tc_701197273_701197269_0,701197273,701197269,44.537628061615905,13.411200000000001,0.2,1,residential,False
tc_701197273_701197276_0,701197273,701197276,5.273840248760082,13.411200000000001,0.2,1,residential,False
tc_701197273_701197278_0,701197273,701197278,10.068584966445668,13.411200000000001,0.2,1,residential,False
tc_701197276_701197273_0,701197276,701197273,5.273840248760082,13.411200000000001,0.2,1,residential,False
tc_701197278_701197273_0,701197278,701197273,10.068584966445668,13.411200000000001,0.2,1,residential,False
tc_701197288_701194898_0,701197288,701194898,46.41478215632125,13.411200000000001,0.2,1,residential,False
tc_701197288_701197295_0,701197288,701197295,99.4146120778253,13.411200000000001,0.2,1,residential,False
tc_701197288_701197300_0,701197288,701197300,33.28207003912477,13.411200000000001,0.2,1,residential,False
tc_701197295_701197288_0,701197295,701197288,99.4146120778253,13.411200000000001,0.2,1,residential,False
tc_701197295_701197296_0,701197295,701197296,15.478114985980541,13.411200000000001,0.2,1,residential,False
tc_701197295_701197298_0,701197295,701197298,15.960108341349764,13.411200000000001,0.2,1,residential,False
tc_701197296_701197295_0,701197296,701197295,15.478114985980541,13.411200000000001,0.2,1,residential,False
tc_701197298_701197295_0,701197298,701197295,15.960108341349764,13.411200000000001,0.2,1,residential,False
tc_701197300_243663887_0,701197300,243663887,72.91445262768103,13.411200000000001,0.2,1,residential,False
tc_701197300_701197260_0,701197300,701197260,40.32117469067456,13.411200000000001,0.2,1,residential,False
tc_701197300_701197288_0,701197300,701197288,33.28207003912477,13.411200000000001,0.2,1,residential,False
tc_701197308_701197269_0,701197308,701197269,28.0348010963432,13.411200000000001,0.2,1,residential,False
tc_701197308_701197310_0,701197308,701197310,9.95291147577878,13.411200000000001,0.2,1,residential,False
tc_701197308_701197311_0,701197308,701197311,15.538597013975034,13.411200000000001,0.2,1,residential,False
tc_701197310_701197308_0,701197310,701197308,9.95291147577878,13.411200000000001,0.2,1,residential,False
tc_701197311_701197308_0,701197311,701197308,15.538597013975034,13.411200000000001,0.2,1,residential,False
tc_701207524_701207534_0,701207524,701207534,9.277598056051662,13.411200000000001,0.2,1,residential,False
tc_701207524_701207838_0,701207524,701207838,62.619643749152495,13.411200000000001,0.2,1,residential,False
tc_701207524_701207844_0,701207524,701207844,10.768498797543996,13.411200000000001,0.2,1,residential,False
tc_701207534_701207524_0,701207534,701207524,9.277598056051662,13.411200000000001,0.2,1,residential,False
tc_701207595_243663887_0,701207595,243663887,31.701015485493876,13.411200000000001,0.2,1,residential,False
tc_701207595_701207602_0,701207595,701207602,9.400061622836132,13.411200000000001,0.2,1,residential,False
tc_701207595_701207630_0,701207595,701207630,9.081678693377059,13.411200000000001,0.2,1,residential,False
tc_701207602_701207595_0,701207602,701207595,9.400061622836132,13.411200000000001,0.2,1,residential,False
tc_701207630_701207595_0,701207630,701207595,9.081678693377059,13.411200000000001,0.2,1,residential,False
tc_701207830_243663887_0,701207830,243663887,91.85118218221298,13.411200000000001,0.2,1,residential,False
tc_701207830_701207833_0,701207830,701207833,29.707793551654962,13.411200000000001,0.2,1,residential,False
tc_701207830_701207997_0,701207830,701207997,36.02164888271557,13.411200000000001,0.2,1,residential,False
tc_701207833_701207830_0,701207833,701207830,29.707793551654962,13.411200000000001,0.2,1,residential,False
tc_701207833_701207838_0,701207833,701207838,25.528241904761877,13.411200000000001,0.2,1,residential,False
tc_701207833_701207972_0,701207833,701207972,30.755779281914585,13.411200000000001,0.2,1,residential,False
tc_701207838_701207524_0,701207838,701207524,62.61964374915249,13.411200000000001,0.2,1,residential,False
tc_701207838_701207833_0,701207838,701207833,25.528241904761877,13.411200000000001,0.2,1,residential,False
tc_701207838_701207882_0,701207838,701207882,39.19033405471045,13.411200000000001,0.2,1,residential,False
tc_701207844_701207524_0,701207844,701207524,10.768498797543996,13.411200000000001,0.2,1,residential,False
tc_701207882_701207838_0,701207882,701207838,39.19033405471045,13.411200000000001,0.2,1,residential,False
tc_701207882_701207895_0,701207882,701207895,10.771351483974389,13.411200000000001,0.2,1,residential,False
tc_701207882_701207934_0,701207882,701207934,8.839332789552389,13.411200000000001,0.2,1,residential,False
tc_701207895_701207882_0,701207895,701207882,10.771351483974389,13.411200000000001,0.2,1,residential,False
tc_701207934_701207882_0,701207934,701207882,8.839332789552389,13.411200000000001,0.2,1,residential,False
tc_701207972_701207833_0,701207972,701207833,30.755779281914585,13.411200000000001,0.2,1,residential,False
tc_701207972_701207982_0,701207972,701207982,19.662518821593196,13.411200000000001,0.2,1,residential,False
tc_701207972_701207994_0,701207972,701207994,7.690924421117003,13.411200000000001,0.2,1,residential,False
tc_701207982_701207972_0,701207982,701207972,19.662518821593196,13.411200000000001,0.2,1,residential,False
tc_701207994_701207972_0,701207994,701207972,7.690924421117003,13.411200000000001,0.2,1,residential,False
tc_701207997_701207830_0,701207997,701207830,36.02164888271557,13.411200000000001,0.2,1,residential,False
tc_701207997_701208002_0,701207997,701208002,46.60418209865199,13.411200000000001,0.2,1,residential,False
tc_701207997_701208019_0,701207997,701208019,38.44417573720616,13.411200000000001,0.2,1,residential,False
tc_701208002_701207997_0,701208002,701207997,46.60418209865199,13.411200000000001,0.2,1,residential,False
tc_701208002_701208005_0,701208002,701208005,41.53646215252367,13.411200000000001,0.2,1,residential,False
tc_701208002_701208010_0,701208002,701208010,16.852029847598573,13.411200000000001,0.2,1,residential,False
tc_701208005_701208002_0,701208005,701208002,41.53646215252367,13.411200000000001,0.2,1,residential,False
tc_701208010_701208002_0,701208010,701208002,16.852029847598573,13.411200000000001,0.2,1,residential,False
tc_701208010_701208012_0,701208010,701208012,9.818277810083858,13.411200000000001,0.2,1,residential,False
tc_701208010_701208014_0,701208010,701208014,8.25051703015865,13.411200000000001,0.2,1,residential,False
tc_701208012_701208010_0,701208012,701208010,9.818277810083858,13.411200000000001,0.2,1,residential,False
tc_701208014_701208010_0,701208014,701208010,8.25051703015865,13.411200000000001,0.2,1,residential,False
tc_701208019_243662966_0,701208019,243662966,89.54544378614047,13.411200000000001,0.2,1,residential,False
tc_701208019_701207997_0,701208019,701207997,38.44417573720616,13.411200000000001,0.2,1,residential,False
tc_701208019_701208022_0,701208019,701208022,45.84996276697824,13.411200000000001,0.2,1,residential,False
tc_701208022_701208019_0,701208022,701208019,45.84996276697824,13.411200000000001,0.2,1,residential,False
tc_701208022_701208024_0,701208022,701208024,8.977660493498087,13.411200000000001,0.2,1,residential,False
tc_701208022_701208035_0,701208022,701208035,10.433927328518742,13.411200000000001,0.2,1,residential,False
tc_701208024_701208022_0,701208024,701208022,8.977660493498087,13.411200000000001,0.2,1,residential,False
tc_701208035_701208022_0,701208035,701208022,10.433927328518742,13.411200000000001,0.2,1,residential,False
tc_702179448_1596955265_0,702179448,1596955265,51.51302395621363,13.411200000000001,0.2,2,primary,False
tc_702179448_702179451_0,702179448,702179451,54.81006290165499,13.411200000000001,0.2,1,residential,False
tc_702179448_75632270_0,702179448,75632270,178.17036750979636,13.411200000000001,0.2,2,primary,False
tc_702179450_702179451_0,702179450,702179451,26.11296511559068,13.411200000000001,0.2,1,residential,False
tc_702179450_702179484_0,702179450,702179484,42.809792113642985,13.411200000000001,0.2,1,residential,False
tc_702179450_702179494_0,702179450,702179494,23.30850439547844,13.411200000000001,0.2,1,residential,False
tc_702179451_702179448_0,702179451,702179448,54.810062901654995,13.411200000000001,0.2,1,residential,False
tc_702179451_702179450_0,702179451,702179450,26.11296511559068,13.411200000000001,0.2,1,residential,False
tc_702179451_702179453_0,702179451,702179453,32.574840422655114,13.411200000000001,0.2,1,residential,False
tc_702179453_702179451_0,702179453,702179451,32.574840422655114,13.411200000000001,0.2,1,residential,False
tc_702179453_702179454_0,702179453,702179454,5.559599488229919,13.411200000000001,0.2,1,residential,False
tc_702179454_702179453_0,702179454,702179453,5.559599488229919,13.411200000000001,0.2,1,residential,False
tc_702179472_702179472_0,702179472,702179472,94.56682124696795,13.411200000000001,0.2,1,residential,False
tc_702179472_702179472_1,702179472,702179472,94.56682124696793,13.411200000000001,0.2,1,residential,False
tc_702179472_702179494_0,702179472,702179494,35.88657082462862,13.411200000000001,0.2,1,residential,False
tc_702179476_702179486_0,702179476,702179486,19.135705990185397,13.411200000000001,0.2,1,residential,False
tc_702179483_702179484_0,702179483,702179484,9.444512869027129,13.411200000000001,0.2,1,residential,False
tc_702179483_702179486_0,702179483,702179486,31.231552187276147,13.411200000000001,0.2,1,residential,False
tc_702179483_7904768312_0,702179483,7904768312,21.22714968894979,13.411200000000001,0.2,1,residential,False
tc_702179484_702179450_0,702179484,702179450,42.809792113642985,13.411200000000001,0.2,1,residential,False
tc_702179484_702179483_0,702179484,702179483,9.444512869027129,13.411200000000001,0.2,1,residential,False
tc_702179484_702179486_0,702179484,702179486,21.536304698099276,13.411200000000001,0.2,1,residential,False
tc_702179486_702179476_0,702179486,702179476,19.135705990185397,13.411200000000001,0.2,1,residential,False
tc_702179486_702179483_0,702179486,702179483,31.231552187276147,13.411200000000001,0.2,1,residential,False
tc_702179486_702179484_0,702179486,702179484,21.536304698099276,13.411200000000001,0.2,1,residential,False
tc_702179493_702179494_0,702179493,702179494,66.75072763397662,13.411200000000001,0.2,1,residential,False
tc_702179494_702179450_0,702179494,702179450,23.30850439547844,13.411200000000001,0.2,1,residential,False
tc_702179494_702179472_0,702179494,702179472,35.88657082462862,13.411200000000001,0.2,1,residential,False
tc_702179494_702179493_0,702179494,702179493,66.75072763397661,13.411200000000001,0.2,1,residential,False
tc_702181552_702181553_0,702181552,702181553,46.4515182546107,13.411200000000001,0.2,1,residential,False
tc_702181552_702181554_0,702181552,702181554,43.05741611503213,13.411200000000001,0.2,1,residential,False
tc_702181552_75632264_0,702181552,75632264,42.902119106397784,13.411200000000001,0.2,1,residential,False
tc_702181553_702181552_0,702181553,702181552,46.4515182546107,13.411200000000001,0.2,1,residential,False
tc_702181554_702181552_0,702181554,702181552,43.05741611503213,13.411200000000001,0.2,1,residential,False
tc_711403226_270355622_0,711403226,270355622,93.54198560526527,8.940800000000001,0.2,1,residential,False
tc_711403226_711403226_0,711403226,711403226,51.05059908680223,8.940800000000001,0.2,1,residential,False
tc_711403226_711403226_1,711403226,711403226,51.05059908680223,8.940800000000001,0.2,1,residential,False
tc_7521619353_27537620_0,7521619353,27537620,57.41172577872782,8.940800000000001,0.2,1,unclassified,False
tc_7521619353_360258485_0,7521619353,360258485,38.92717874762139,8.940800000000001,0.2,1,unclassified,False
tc_7521619353_7521619356_0,7521619353,7521619356,31.124886626908893,8.940800000000001,0.2,1,unclassified,False
tc_7521619353_8993552625_0,7521619353,8993552625,101.32808806028955,8.940800000000001,0.2,1,unclassified,False
tc_7521619356_27537620_0,7521619356,27537620,37.34625397998688,8.940800000000001,0.2,2,primary,False
tc_7521619356_7521619353_0,7521619356,7521619353,31.124886626908893,8.940800000000001,0.2,1,unclassified,False
tc_7521619356_7521619363_0,7521619356,7521619363,35.96420163995385,8.940800000000001,0.2,2,primary,False
tc_7521619363_1828387830_0,7521619363,1828387830,99.13027695004277,8.940800000000001,0.2,1,unclassified,False
tc_7521619363_324285229_0,7521619363,324285229,285.00144033793305,8.940800000000001,0.2,2,primary,False
tc_7521619363_7521619356_0,7521619363,7521619356,35.96420163995385,8.940800000000001,0.2,2,primary,False
tc_7552023854_270356304_0,7552023854,270356304,99.40427519489666,13.411200000000001,0.2,1,residential,False
tc_75632172_75632175_0,75632172,75632175,32.20216344030713,22.352,0.2,2,primary,False
tc_75632172_863398069_0,75632172,863398069,1066.6216441465847,26.822400000000002,0.2,2,secondary,False
tc_75632175_190982225_0,75632175,190982225,312.9442070901749,22.352,0.2,2,primary,False
tc_75632175_75632172_0,75632175,75632172,32.20216344030713,22.352,0.2,2,primary,False
tc_75632252_1596955287_0,75632252,1596955287,70.86972002358438,8.940800000000001,0.2,2,primary,False
tc_75632252_7865913824_0,75632252,7865913824,75.36092397665672,13.411200000000001,0.2,2,primary,False
tc_75632252_863385918_0,75632252,863385918,76.5636930551694,13.411200000000001,0.2,1,residential,False
tc_75632264_683646483_0,75632264,683646483,19.93238546949567,13.411200000000001,0.2,2,primary,False
tc_75632264_702181552_0,75632264,702181552,42.902119106397784,13.411200000000001,0.2,1,residential,False
tc_75632264_7865913824_0,75632264,7865913824,65.19516550353708,13.411200000000001,0.2,2,primary,False
tc_75632270_683646483_0,75632270,683646483,76.43708069408962,13.411200000000001,0.2,2,primary,False
tc_75632270_702179448_0,75632270,702179448,178.1703675097964,13.411200000000001,0.2,2,primary,False
tc_75632270_863385431_0,75632270,863385431,64.810283987042,13.411200000000001,0.2,1,residential,False
tc_75632307_190531710_0,75632307,190531710,163.801732017532,13.411200000000001,0.2,1,residential,False
tc_75632307_75632310_0,75632307,75632310,113.0469101532728,13.411200000000001,0.2,2,primary,False
tc_75632307_863380318_0,75632307,863380318,72.54083900825361,13.411200000000001,0.2,2,primary,False
tc_75632310_190531721_0,75632310,190531721,42.678014551291646,13.411200000000001,0.2,2,secondary,False
tc_75632310_75632307_0,75632310,75632307,113.0469101532728,13.411200000000001,0.2,2,primary,False
tc_75632310_863389466_0,75632310,863389466,95.00520162224451,13.411200000000001,0.2,2,secondary,False
tc_7604954373_863387614_0,7604954373,863387614,117.75680777309114,13.411200000000001,0.2,1,residential,False
tc_7711200217_1600534451_0,7711200217,1600534451,9.200147534671544,13.411200000000001,0.2,1,unclassified,True
tc_7711200217_324283197_0,7711200217,324283197,53.664916983156104,13.411200000000001,0.2,1,unclassified,False
tc_7843127560_343446534_0,7843127560,343446534,88.4295566211721,8.940800000000001,0.2,2,residential,True
tc_7843127560_7843127561_0,7843127560,7843127561,17.52473824383708,8.88888888888889,0.2,1,residential,False
tc_7843127561_7843127560_0,7843127561,7843127560,17.52473824383708,8.88888888888889,0.2,1,residential,False
tc_7853241881_190546518_0,7853241881,190546518,23.216243317782244,8.940800000000001,0.2,1,primary,True
tc_7853241881_3633298359_0,7853241881,3633298359,119.8378044210871,8.940800000000001,0.2,2,primary,False
tc_7853241886_190546530_0,7853241886,190546530,51.79758405303792,8.940800000000001,0.2,1,secondary,True
tc_7853241886_192302121_0,7853241886,192302121,106.50152684196362,8.940800000000001,0.2,2,secondary,False
tc_7853241946_863290868_0,7853241946,863290868,13.732195623046055,8.940800000000001,0.2,1,residential,False
tc_7853241947_863290868_0,7853241947,863290868,11.894397170632647,8.940800000000001,0.2,1,residential,False
tc_7865913823_7865913824_0,7865913823,7865913824,50.50010579043426,8.88888888888889,0.2,1,residential,False
tc_7865913824_75632252_0,7865913824,75632252,75.36092397665672,13.411200000000001,0.2,2,primary,False
tc_7865913824_75632264_0,7865913824,75632264,65.19516550353708,13.411200000000001,0.2,2,primary,False
tc_7865913824_7865913823_0,7865913824,7865913823,50.500105790434255,8.88888888888889,0.2,1,residential,False
tc_7865913847_863382486_0,7865913847,863382486,49.90491200852219,8.940800000000001,0.2,1,residential,False
tc_7896352527_507056613_0,7896352527,507056613,6.444708133824106,8.940800000000001,0.2,2,primary,True
tc_7904768312_702179483_0,7904768312,702179483,21.22714968894979,13.411200000000001,0.2,1,residential,False
tc_7916302488_360026757_0,7916302488,360026757,134.80599207033137,13.411200000000001,0.2,1,residential,False
tc_7937180598_384747349_0,7937180598,384747349,8.44031621183943,13.411200000000001,0.2,1,residential,False
tc_7937180599_384747349_0,7937180599,384747349,10.126947642380077,13.411200000000001,0.2,1,residential,False
tc_7937180600_384747354_0,7937180600,384747354,12.224918921907811,13.411200000000001,0.2,1,residential,False
tc_7937180601_384747354_0,7937180601,384747354,16.13351563343704,13.411200000000001,0.2,1,residential,False
tc_807926254_190531705_0,807926254,190531705,31.61002060683466,13.411200000000001,0.2,1,secondary,True
tc_807926254_190531706_0,807926254,190531706,17.17929211809727,13.411200000000001,0.2,1,residential,False
tc_807926254_863387612_0,807926254,863387612,60.08364599205883,13.411200000000001,0.2,1,residential,False
tc_8184632855_8184632857_0,8184632855,8184632857,14.869542256132725,8.940800000000001,0.2,1,residential,False
tc_8184632855_8184632858_0,8184632855,8184632858,6.746148946091543,8.940800000000001,0.2,1,residential,False
tc_8184632855_863296554_0,8184632855,863296554,74.28058211315054,8.940800000000001,0.2,1,residential,False
tc_8184632857_8184632855_0,8184632857,8184632855,14.869542256132725,8.940800000000001,0.2,1,residential,False
tc_8184632858_8184632855_0,8184632858,8184632855,6.746148946091543,8.940800000000001,0.2,1,residential,False
tc_8184916874_6576853836_0,8184916874,6576853836,44.79621000921653,8.940800000000001,0.2,1,residential,False
tc_8409091203_27537585_0,8409091203,27537585,416.75485649269643,13.411200000000001,0.2,2,primary,False
tc_8409091203_683646462_0,8409091203,683646462,76.37916875301207,8.940800000000001,0.2,2,tertiary,False
tc_8409091203_863357711_0,8409091203,863357711,526.6941652003065,8.940800000000001,0.2,2,primary,False
tc_863278826_324283489_0,863278826,324283489,69.30918967906963,13.411200000000001,0.2,1,residential,False
tc_863278826_6951357516_0,863278826,6951357516,40.271877608010286,8.88888888888889,0.2,1,residential,False
tc_863278826_863278832_0,863278826,863278832,92.88693516198376,13.411200000000001,0.2,1,residential,False
tc_863278832_863278826_0,863278832,863278826,92.88693516198376,13.411200000000001,0.2,1,residential,False
tc_863280283_190546624_0,863280283,190546624,189.73094281394503,13.411200000000001,0.2,2,tertiary,False
tc_863280283_324265802_0,863280283,324265802,33.91159473768392,13.411200000000001,0.2,2,tertiary,False
tc_863280283_863281008_0,863280283,863281008,25.863986276103613,13.411200000000001,0.2,1,residential,False
tc_863280284_324265802_0,863280284,324265802,34.862120939438874,13.411200000000001,0.2,2,tertiary,False
tc_863280284_324265803_0,863280284,324265803,30.64635238626666,13.411200000000001,0.2,2,tertiary,False
tc_863280284_863281117_0,863280284,863281117,91.13687808005487,13.411200000000001,0.2,1,residential,False
tc_863280666_324265804_0,863280666,324265804,36.34436916631874,13.411200000000001,0.2,2,tertiary,False
tc_863280666_863280667_0,863280666,863280667,39.1978151010223,13.411200000000001,0.2,2,tertiary,False
tc_863280666_863282576_0,863280666,863282576,167.65564605728997,13.411200000000001,0.2,1,residential,False
tc_863280667_324265840_0,863280667,324265840,30.07111578639743,13.411200000000001,0.2,2,tertiary,False
tc_863280667_863280666_0,863280667,863280666,39.1978151010223,13.411200000000001,0.2,2,tertiary,False
tc_863280667_863281328_0,863280667,863281328,66.57111631779347,13.411200000000001,0.2,1,residential,False
tc_863280669_324265840_0,863280669,324265840,29.97976796328806,13.411200000000001,0.2,2,tertiary,False
tc_863280669_324265841_0,863280669,324265841,48.52737575738371,13.411200000000001,0.2,2,tertiary,False
tc_863280669_863283304_0,863280669,863283304,156.2105496176604,13.411200000000001,0.2,1,residential,False
tc_863280951_324265802_0,863280951,324265802,103.58970019278276,13.411200000000001,0.2,1,residential,False
tc_863281008_863280283_0,863281008,863280283,25.863986276103613,13.411200000000001,0.2,1,residential,False
tc_863281117_863280284_0,863281117,863280284,91.13687808005488,13.411200000000001,0.2,1,residential,False
tc_863281188_324265804_0,863281188,324265804,63.906974507828046,13.411200000000001,0.2,1,residential,False
tc_863281328_11765834421_0,863281328,11765834421,7.901750057339426,13.411200000000001,0.2,1,residential,False
tc_863281328_11765834422_0,863281328,11765834422,8.571785978652743,13.411200000000001,0.2,1,residential,False
tc_863281328_863280667_0,863281328,863280667,66.57111631779345,13.411200000000001,0.2,1,residential,False
tc_863282277_324265803_0,863282277,324265803,154.89365518243426,13.411200000000001,0.2,1,residential,False
tc_863282576_863280666_0,863282576,863280666,167.65564605728997,13.411200000000001,0.2,1,residential,False
tc_863282875_12057395695_0,863282875,12057395695,6.355553586647693,13.411200000000001,0.2,1,residential,False
tc_863282875_324265840_0,863282875,324265840,116.2626176757804,13.411200000000001,0.2,1,residential,False
tc_863283304_863280669_0,863283304,863280669,156.2105496176604,13.411200000000001,0.2,1,residential,False
tc_863283547_324265842_0,863283547,324265842,46.36280885132096,13.411200000000001,0.2,1,residential,False
tc_863283547_863283549_0,863283547,863283549,52.826618101429546,13.411200000000001,0.2,1,residential,False
tc_863283547_863283871_0,863283547,863283871,57.84917367210094,13.411200000000001,0.2,1,residential,False
tc_863283549_1293046425_0,863283549,1293046425,23.22156715708045,13.411200000000001,0.2,1,residential,False
tc_863283549_863283547_0,863283549,863283547,52.826618101429546,13.411200000000001,0.2,1,residential,False
tc_863283549_863283554_0,863283549,863283554,37.29287377031739,13.411200000000001,0.2,1,residential,False
tc_863283554_4130110392_0,863283554,4130110392,36.04495932606017,8.88888888888889,0.2,1,residential,False
tc_863283554_863283549_0,863283554,863283549,37.29287377031739,13.411200000000001,0.2,1,residential,False
tc_863283871_863283547_0,863283871,863283547,57.849173672100946,13.411200000000001,0.2,1,residential,False
tc_863284431_1293046425_0,863284431,1293046425,28.3730541908721,13.411200000000001,0.2,1,residential,False
tc_863284431_1293046425_1,863284431,1293046425,24.424843752317177,13.411200000000001,0.2,1,residential,False
tc_863284431_2119989689_0,863284431,2119989689,37.11254428459891,8.88888888888889,0.2,1,residential,False
tc_863287125_1596979148_0,863287125,1596979148,58.67109938025436,13.411200000000001,0.2,1,residential,False
tc_863287125_549304213_0,863287125,549304213,120.70766214558287,13.411200000000001,0.2,2,residential,False
tc_863287125_863289067_0,863287125,863289067,30.406228282775004,13.411200000000001,0.2,1,residential,False
tc_863287991_549304213_0,863287991,549304213,75.86979562340149,13.411200000000001,0.2,1,residential,False
tc_863288180_549304211_0,863288180,549304211,70.16683098952026,13.411200000000001,0.2,1,residential,False
tc_863288180_863288190_0,863288180,863288190,59.37942378711594,13.411200000000001,0.2,1,residential,False
tc_863288180_863288389_0,863288180,863288389,87.95997374095379,13.411200000000001,0.2,1,residential,False
tc_863288190_863288180_0,863288190,863288180,59.37942378711594,13.411200000000001,0.2,1,residential,False
tc_863288389_863288180_0,863288389,863288180,87.95997374095379,13.411200000000001,0.2,1,residential,False
tc_863288643_1596979148_0,863288643,1596979148,117.67009400740753,13.411200000000001,0.2,1,residential,False
tc_863288643_324275178_0,863288643,324275178,38.81324673057188,13.411200000000001,0.2,1,residential,False
tc_863288643_863288689_0,863288643,863288689,59.05296019531782,13.411200000000001,0.2,1,residential,False
tc_863288689_863288643_0,863288689,863288643,59.05296019531782,13.411200000000001,0.2,1,residential,False
tc_863289064_863289067_0,863289064,863289067,77.68755054497264,13.411200000000001,0.2,1,residential,False
tc_863289064_863289411_0,863289064,863289411,11.743158761069616,13.411200000000001,0.2,1,residential,False
tc_863289064_863289416_0,863289064,863289416,153.79989592893688,13.411200000000001,0.2,1,residential,False
tc_863289067_863287125_0,863289067,863287125,30.406228282775004,13.411200000000001,0.2,1,residential,False
tc_863289067_863289064_0,863289067,863289064,77.68755054497264,13.411200000000001,0.2,1,residential,False
tc_863289067_863289460_0,863289067,863289460,49.23764281616813,13.411200000000001,0.2,1,residential,False
tc_863289336_324275172_0,863289336,324275172,39.23412630820826,13.411200000000001,0.2,1,residential,False
tc_863289411_863289064_0,863289411,863289064,11.743158761069616,13.411200000000001,0.2,1,residential,False
tc_863289416_863289064_0,863289416,863289064,153.79989592893688,13.411200000000001,0.2,1,residential,False
tc_863289460_863289067_0,863289460,863289067,49.23764281616813,13.411200000000001,0.2,1,residential,False
tc_863290688_190546579_0,863290688,190546579,83.2699846362231,8.940800000000001,0.2,1,residential,False
tc_863290688_863290868_0,863290688,863290868,152.00736840040295,8.940800000000001,0.2,1,residential,False
tc_863290688_863290939_0,863290688,863290939,48.75471433785307,8.940800000000001,0.2,1,residential,False
tc_863290868_7853241946_0,863290868,7853241946,13.732195623046056,8.940800000000001,0.2,1,residential,False
tc_863290868_7853241947_0,863290868,7853241947,11.894397170632647,8.940800000000001,0.2,1,residential,False
tc_863290868_863290688_0,863290868,863290688,152.00736840040292,8.940800000000001,0.2,1,residential,False
tc_863290939_863290688_0,863290939,863290688,48.75471433785307,8.940800000000001,0.2,1,residential,False
tc_863291317_192302121_0,863291317,192302121,132.32031506813186,8.940800000000001,0.2,2,secondary,False
tc_863291317_4177041196_0,863291317,4177041196,79.81987095463612,13.411200000000001,0.2,2,secondary,False
tc_863291317_863291410_0,863291317,863291410,88.66594469834664,13.411200000000001,0.2,1,residential,False
tc_863291410_863291317_0,863291410,863291317,88.66594469834662,13.411200000000001,0.2,1,residential,False
tc_863291625_246815080_0,863291625,246815080,19.296036353226715,13.411200000000001,0.2,1,residential,False
tc_863291625_863291849_0,863291625,863291849,28.10634600900157,13.411200000000001,0.2,1,residential,False
tc_863291625_863291861_0,863291625,863291861,124.78491339577802,13.411200000000001,0.2,1,residential,False
tc_863291849_863291625_0,863291849,863291625,28.10634600900157,13.411200000000001,0.2,1,residential,False
tc_863291861_863291625_0,863291861,863291625,124.78491339577802,13.411200000000001,0.2,1,residential,False
tc_863296362_270301397_0,863296362,270301397,101.42128767990394,8.940800000000001,0.2,2,tertiary,False
tc_863296362_366568174_0,863296362,366568174,108.056556482772,13.411200000000001,0.2,2,tertiary,False
tc_863296362_863296554_0,863296362,863296554,44.58996460054858,8.940800000000001,0.2,1,residential,False
tc_863296554_8184632855_0,863296554,8184632855,74.28058211315053,8.940800000000001,0.2,1,residential,False
tc_863296554_863296362_0,863296554,863296362,44.58996460054858,8.940800000000001,0.2,1,residential,False
tc_863296554_863296564_0,863296554,863296564,78.74671590169956,8.940800000000001,0.2,1,residential,False
tc_863296564_863296554_0,863296564,863296554,78.74671590169956,8.940800000000001,0.2,1,residential,False
tc_863300334_363994353_0,863300334,363994353,57.27120329824872,13.411200000000001,0.2,1,residential,False
tc_863300481_363994358_0,863300481,363994358,31.034978705132314,13.411200000000001,0.2,1,residential,False
tc_863300981_363994363_0,863300981,363994363,58.967471175477876,13.411200000000001,0.2,1,residential,False
tc_863301199_363994360_0,863301199,363994360,56.596179017252396,13.411200000000001,0.2,1,residential,False
tc_863301406_363994354_0,863301406,363994354,77.25855583956755,13.411200000000001,0.2,1,residential,False
tc_863303288_243662958_0,863303288,243662958,90.82169314978003,13.411200000000001,0.2,1,residential,False
tc_863303288_3200728292_0,863303288,3200728292,10.277821951312282,13.411200000000001,0.2,1,residential,False
tc_863303288_3200728294_0,863303288,3200728294,10.371686907496482,13.411200000000001,0.2,1,residential,False
tc_863303607_243662961_0,863303607,243662961,40.53275959656956,13.411200000000001,0.2,1,residential,False
tc_863303607_3200728316_0,863303607,3200728316,36.159472548551804,13.411200000000001,0.2,1,residential,False
tc_863303607_863304607_0,863303607,863304607,119.32286752558728,13.411200000000001,0.2,1,residential,False
tc_863304607_863303607_0,863304607,863303607,119.3228675255873,13.411200000000001,0.2,1,residential,False
tc_863340675_687142647_0,863340675,687142647,103.47071391586981,13.411200000000001,0.2,1,residential,False
tc_863341185_687142666_0,863341185,687142666,25.61885902208872,13.411200000000001,0.2,1,residential,False
tc_863341749_687142667_0,863341749,687142667,67.91244031375652,13.411200000000001,0.2,1,residential,False
tc_863342268_687142657_0,863342268,687142657,58.48275013384007,13.411200000000001,0.2,1,residential,False
tc_863342584_687142654_0,863342584,687142654,56.33329055006733,13.411200000000001,0.2,1,residential,False
tc_863343393_687142652_0,863343393,687142652,76.9483582108323,13.411200000000001,0.2,1,residential,False
tc_863343439_687142647_0,863343439,687142647,49.500916962748185,13.411200000000001,0.2,1,residential,False
tc_863343439_687142666_0,863343439,687142666,33.88847774037392,13.411200000000001,0.2,1,residential,False
tc_863343439_863343724_0,863343439,863343724,84.64107222902771,13.411200000000001,0.2,1,residential,False
tc_863343724_863343439_0,863343724,863343439,84.6410722290277,13.411200000000001,0.2,1,residential,False
tc_863346017_270786808_0,863346017,270786808,125.76109875467716,8.940800000000001,0.2,1,residential,False
tc_863354313_27537608_0,863354313,27537608,163.3845492332497,8.940800000000001,0.2,1,residential,False
tc_863354313_863354329_0,863354313,863354329,34.26452030249055,8.940800000000001,0.2,1,residential,False
tc_863354313_863354605_0,863354313,863354605,84.53632639371529,8.940800000000001,0.2,1,residential,False
tc_863354329_863354313_0,863354329,863354313,34.26452030249055,8.940800000000001,0.2,1,residential,False
tc_863354329_863354340_0,863354329,863354340,45.16145088776405,8.940800000000001,0.2,1,residential,False
tc_863354329_863356411_0,863354329,863356411,143.17426858510788,8.940800000000001,0.2,1,residential,False
tc_863354340_863354329_0,863354340,863354329,45.16145088776405,8.940800000000001,0.2,1,residential,False
tc_863354605_863354313_0,863354605,863354313,84.5363263937153,8.940800000000001,0.2,1,residential,False
tc_863354605_863355025_0,863354605,863355025,35.348437502854395,8.940800000000001,0.2,1,residential,False
tc_863354605_863355034_0,863354605,863355034,70.61396233762504,8.940800000000001,0.2,1,residential,False
tc_863355025_863354605_0,863355025,863354605,35.348437502854395,8.940800000000001,0.2,1,residential,False
tc_863355034_863354605_0,863355034,863354605,70.61396233762504,8.940800000000001,0.2,1,residential,False
tc_863356411_863354329_0,863356411,863354329,143.17426858510788,8.940800000000001,0.2,1,residential,False
tc_863357711_507056613_0,863357711,507056613,70.75201195642032,8.940800000000001,0.2,2,primary,False
tc_863357711_8409091203_0,863357711,8409091203,526.6941652003063,8.940800000000001,0.2,2,primary,False
tc_863357711_863358063_0,863357711,863358063,36.04310362531264,8.940800000000001,0.2,1,residential,False
tc_863358063_863357711_0,863358063,863357711,36.04310362531264,8.940800000000001,0.2,1,residential,False
tc_863358063_863358079_0,863358063,863358079,69.69410206070094,8.940800000000001,0.2,1,residential,False
tc_863358063_863358592_0,863358063,863358592,49.197929237577625,8.940800000000001,0.2,1,residential,False
tc_863358079_863358063_0,863358079,863358063,69.69410206070094,8.940800000000001,0.2,1,residential,False
tc_863358592_863358063_0,863358592,863358063,49.197929237577625,8.940800000000001,0.2,1,residential,False
tc_863360514_343446534_0,863360514,343446534,40.01332907692519,8.940800000000001,0.2,1,residential,False
tc_863362246_270359880_0,863362246,270359880,27.70413459806922,8.940800000000001,0.2,1,residential,False
tc_863371062_192302096_0,863371062,192302096,61.30711662425123,8.940800000000001,0.2,2,tertiary,False
tc_863371062_243978948_0,863371062,243978948,251.75593533184886,8.940800000000001,0.2,2,tertiary,False
tc_863371062_863371712_0,863371062,863371712,49.193855806018334,8.940800000000001,0.2,1,residential,False
tc_863371712_863371062_0,863371712,863371062,49.19385580601833,8.940800000000001,0.2,1,residential,False
tc_863372585_243662941_0,863372585,243662941,217.7299594590101,8.940800000000001,0.2,2,tertiary,False
tc_863372585_382400472_0,863372585,382400472,39.36462187213047,8.940800000000001,0.2,2,tertiary,False
tc_863372585_863373591_0,863372585,863373591,80.59980015469336,8.940800000000001,0.2,1,unclassified,False
tc_863373591_369817343_0,863373591,369817343,123.74529866974524,8.940800000000001,0.2,2,tertiary,False
tc_863373591_382400472_0,863373591,382400472,7.4986337392751015,8.940800000000001,0.2,2,tertiary,False
tc_863373591_863372585_0,863373591,863372585,80.59980015469336,8.940800000000001,0.2,1,unclassified,False
tc_863380318_1596955265_0,863380318,1596955265,294.4710765889492,13.411200000000001,0.2,2,primary,False
tc_863380318_75632307_0,863380318,75632307,72.54083900825361,13.411200000000001,0.2,2,primary,False
tc_863380318_863381150_0,863380318,863381150,82.28874116836198,13.411200000000001,0.2,1,residential,False
tc_863381150_863380318_0,863381150,863380318,82.288741168362,13.411200000000001,0.2,1,residential,False
tc_863382484_357457027_0,863382484,357457027,38.694756875160856,8.940800000000001,0.2,1,residential,False
tc_863382484_3673008044_0,863382484,3673008044,98.0001645158636,8.940800000000001,0.2,1,residential,False
tc_863382484_863382486_0,863382484,863382486,26.857146529149812,8.940800000000001,0.2,1,residential,False
tc_863382486_7865913847_0,863382486,7865913847,49.90491200852219,8.940800000000001,0.2,1,residential,False
tc_863382486_863382484_0,863382486,863382484,26.857146529149812,8.940800000000001,0.2,1,residential,False
tc_863382486_863383230_0,863382486,863383230,67.00688120489298,8.940800000000001,0.2,1,residential,False
tc_863383230_863382486_0,863383230,863382486,67.00688120489296,8.940800000000001,0.2,1,residential,False
tc_863385431_75632270_0,863385431,75632270,64.810283987042,13.411200000000001,0.2,1,residential,False
tc_863385918_75632252_0,863385918,75632252,76.5636930551694,13.411200000000001,0.2,1,residential,False
tc_863385918_863385922_0,863385918,863385922,20.56239400346561,13.411200000000001,0.2,1,residential,False
tc_863385918_9452529379_0,863385918,9452529379,60.47202885666598,13.411200000000001,0.2,1,residential,False
tc_863385922_863385918_0,863385922,863385918,20.56239400346561,13.411200000000001,0.2,1,residential,False
tc_863387612_807926254_0,863387612,807926254,60.08364599205883,13.411200000000001,0.2,1,residential,False
tc_863387612_863387614_0,863387612,863387614,58.59045270352702,13.411200000000001,0.2,1,residential,False
tc_863387612_863387986_0,863387612,863387986,73.79856201049817,13.411200000000001,0.2,1,residential,False
tc_863387614_7604954373_0,863387614,7604954373,117.75680777309114,13.411200000000001,0.2,1,residential,False
tc_863387614_863387612_0,863387614,863387612,58.59045270352702,13.411200000000001,0.2,1,residential,False
tc_863387614_863387616_0,863387614,863387616,65.58361168570184,13.411200000000001,0.2,1,residential,False
tc_863387616_3063665401_0,863387616,3063665401,131.67881083477107,13.411200000000001,0.2,1,residential,False
tc_863387616_863387614_0,863387616,863387614,65.58361168570184,13.411200000000001,0.2,1,residential,False
tc_863387616_863388430_0,863387616,863388430,72.5812000275848,13.411200000000001,0.2,1,residential,False
tc_863387986_863387612_0,863387986,863387612,73.79856201049819,13.411200000000001,0.2,1,residential,False
tc_863388430_3063665400_0,863388430,3063665400,7.572655493333232,13.411200000000001,0.2,1,residential,False
tc_863388430_863387616_0,863388430,863387616,72.5812000275848,13.411200000000001,0.2,1,residential,False
tc_863388430_863388436_0,863388430,863388436,39.10584921429931,13.411200000000001,0.2,1,residential,False
tc_863388436_863388430_0,863388436,863388430,39.10584921429931,13.411200000000001,0.2,1,residential,False
tc_863389466_190531710_0,863389466,190531710,18.674665799387398,13.411200000000001,0.2,2,secondary,False
tc_863389466_75632310_0,863389466,75632310,95.0052016222445,13.411200000000001,0.2,2,secondary,False
tc_863389466_863390293_0,863389466,863390293,32.0057040929421,13.411200000000001,0.2,1,residential,False
tc_863390293_863389466_0,863390293,863389466,32.0057040929421,13.411200000000001,0.2,1,residential,False
tc_863390293_863390465_0,863390293,863390465,36.74222179311052,13.411200000000001,0.2,1,residential,False
tc_863390465_863390293_0,863390465,863390293,36.74222179311052,13.411200000000001,0.2,1,residential,False
tc_863390465_863390466_0,863390465,863390466,23.92314803523214,13.411200000000001,0.2,1,residential,False
tc_863390465_863390544_0,863390465,863390544,40.613151131030676,13.411200000000001,0.2,1,residential,False
tc_863390466_863390465_0,863390466,863390465,23.92314803523214,13.411200000000001,0.2,1,residential,False
tc_863390544_863390465_0,863390544,863390465,40.613151131030676,13.411200000000001,0.2,1,residential,False
tc_863392345_190531721_0,863392345,190531721,37.22040586285002,13.411200000000001,0.2,1,residential,False
tc_863392638_190531724_0,863392638,190531724,42.16612866791466,13.411200000000001,0.2,1,residential,False
tc_863392866_190531728_0,863392866,190531728,59.37225857956631,13.411200000000001,0.2,1,residential,False
tc_863393261_190531733_0,863393261,190531733,52.0156595474447,13.411200000000001,0.2,1,residential,False
tc_863393261_863393266_0,863393261,863393266,21.529218031743884,13.411200000000001,0.2,1,residential,False
tc_863393261_863393424_0,863393261,863393424,45.67990597210745,13.411200000000001,0.2,1,residential,False
tc_863393266_863393261_0,863393266,863393261,21.529218031743884,13.411200000000001,0.2,1,residential,False
tc_863393266_863393268_0,863393266,863393268,27.6589097604808,13.411200000000001,0.2,1,residential,False
tc_863393266_863393929_0,863393266,863393929,60.560480956301745,13.411200000000001,0.2,1,residential,False
tc_863393268_863393266_0,863393268,863393266,27.6589097604808,13.411200000000001,0.2,1,residential,False
tc_863393268_863393270_0,863393268,863393270,33.19298780012037,13.411200000000001,0.2,1,residential,False
tc_863393268_863393589_0,863393268,863393589,47.33025921246215,13.411200000000001,0.2,1,residential,False
tc_863393270_863393268_0,863393270,863393268,33.19298780012037,13.411200000000001,0.2,1,residential,False
tc_863393424_863393261_0,863393424,863393261,45.67990597210745,13.411200000000001,0.2,1,residential,False
tc_863393589_863393268_0,863393589,863393268,47.33025921246215,13.411200000000001,0.2,1,residential,False
tc_863393929_863393266_0,863393929,863393266,60.56048095630175,13.411200000000001,0.2,1,residential,False
tc_863393929_863393940_0,863393929,863393940,67.48907872785254,13.411200000000001,0.2,1,residential,False
tc_863393929_863394302_0,863393929,863394302,45.10951219844289,13.411200000000001,0.2,1,residential,False
tc_863393940_863393929_0,863393940,863393929,67.48907872785256,13.411200000000001,0.2,1,residential,False
tc_863394302_863393929_0,863394302,863393929,45.10951219844289,13.411200000000001,0.2,1,residential,False
tc_863394366_190531736_0,863394366,190531736,45.534253884491754,13.411200000000001,0.2,2,secondary,False
tc_863394366_863395379_0,863394366,863395379,185.39307804077708,13.411200000000001,0.2,1,residential,False
tc_863394366_863401606_0,863394366,863401606,50.7667716690589,13.411200000000001,0.2,2,secondary,False
tc_863395379_863394366_0,863395379,863394366,185.39307804077708,13.411200000000001,0.2,1,residential,False
tc_863398069_190531736_0,863398069,190531736,41.09437757332556,13.411200000000001,0.2,2,secondary,False
tc_863398069_75632172_0,863398069,75632172,1066.6216441465847,26.822400000000002,0.2,2,secondary,False
tc_863398069_863398534_0,863398069,863398534,196.39289709030118,13.411200000000001,0.2,1,unclassified,False
tc_863398534_863398069_0,863398534,863398069,196.39289709030118,13.411200000000001,0.2,1,unclassified,False
tc_863398534_863398689_0,863398534,863398689,70.78505869209516,13.411200000000001,0.2,1,unclassified,False
tc_863398689_863398534_0,863398689,863398534,70.78505869209516,13.411200000000001,0.2,1,unclassified,False
tc_863398689_863398693_0,863398689,863398693,44.24111349124624,13.411200000000001,0.2,1,unclassified,False
tc_863398689_863398827_0,863398689,863398827,48.52875279409117,13.411200000000001,0.2,1,unclassified,False
tc_863398693_863398689_0,863398693,863398689,44.24111349124624,13.411200000000001,0.2,1,unclassified,False
tc_863398693_863399123_0,863398693,863399123,16.011933225860307,13.411200000000001,0.2,1,unclassified,False
tc_863398693_863399125_0,863398693,863399125,86.13921217590007,13.411200000000001,0.2,1,unclassified,False
tc_863398827_863398689_0,863398827,863398689,48.52875279409117,13.411200000000001,0.2,1,unclassified,False
tc_863399123_863398693_0,863399123,863398693,16.011933225860307,13.411200000000001,0.2,1,unclassified,False
tc_863399125_863398693_0,863399125,863398693,86.13921217590007,13.411200000000001,0.2,1,unclassified,False
tc_863399125_863399128_0,863399125,863399128,45.97227639876558,13.411200000000001,0.2,1,unclassified,False
tc_863399125_863399361_0,863399125,863399361,106.71007220543292,13.411200000000001,0.2,1,unclassified,False
tc_863399128_863399125_0,863399128,863399125,45.97227639876558,13.411200000000001,0.2,1,unclassified,False
tc_863399128_863399369_0,863399128,863399369,18.8001653919603,13.411200000000001,0.2,1,unclassified,False
tc_863399128_863399543_0,863399128,863399543,13.618582676068055,13.411200000000001,0.2,1,unclassified,False
tc_863399361_863399125_0,863399361,863399125,106.71007220543294,13.411200000000001,0.2,1,unclassified,False
tc_863399361_863399369_0,863399361,863399369,42.56917455319002,13.411200000000001,0.2,1,unclassified,False
tc_863399361_863399369_1,863399361,863399369,153.40606919028568,13.411200000000001,0.2,1,unclassified,False
tc_863399369_863399128_0,863399369,863399128,18.8001653919603,13.411200000000001,0.2,1,unclassified,False
tc_863399369_863399361_0,863399369,863399361,42.56917455319002,13.411200000000001,0.2,1,unclassified,False
tc_863399369_863399361_1,863399369,863399361,153.40606919028568,13.411200000000001,0.2,1,unclassified,False
tc_863399543_863399128_0,863399543,863399128,13.618582676068055,13.411200000000001,0.2,1,unclassified,False
tc_863400534_1596955549_0,863400534,1596955549,66.24304448612705,8.940800000000001,0.2,1,residential,False
tc_863400534_190531736_0,863400534,190531736,79.3433669125696,8.940800000000001,0.2,1,residential,False
tc_863400534_863401384_0,863400534,863401384,41.96916738092812,8.940800000000001,0.2,1,residential,False
tc_863400719_270355627_0,863400719,270355627,37.7458059561983,8.940800000000001,0.2,1,residential,False
tc_863401384_863400534_0,863401384,863400534,41.96916738092812,8.940800000000001,0.2,1,residential,False
tc_863401606_190531733_0,863401606,190531733,48.100233233472764,13.411200000000001,0.2,2,secondary,False
tc_863401606_863394366_0,863401606,863394366,50.7667716690589,13.411200000000001,0.2,2,secondary,False
tc_863401606_863401864_0,863401606,863401864,92.61007721528392,13.411200000000001,0.2,1,residential,False
tc_863401864_863401606_0,863401864,863401606,92.61007721528394,13.411200000000001,0.2,1,residential,False
tc_863401864_863401873_0,863401864,863401873,147.81092893938143,13.411200000000001,0.2,1,residential,False
tc_863401864_863402256_0,863401864,863402256,30.168422972544022,13.411200000000001,0.2,1,residential,False
tc_863401873_863401864_0,863401873,863401864,147.81092893938145,13.411200000000001,0.2,1,residential,False
tc_863402256_863401864_0,863402256,863401864,30.168422972544022,13.411200000000001,0.2,1,residential,False
tc_863402420_190531724_0,863402420,190531724,25.874432373399387,13.411200000000001,0.2,2,secondary,False
tc_863402420_190531728_0,863402420,190531728,21.48573222132217,13.411200000000001,0.2,2,secondary,False
tc_863402420_863403257_0,863402420,863403257,83.99172309319053,13.411200000000001,0.2,1,residential,False
tc_863403257_863402420_0,863403257,863402420,83.99172309319053,13.411200000000001,0.2,1,residential,False
tc_863403257_863403264_0,863403257,863403264,60.35648920173446,13.411200000000001,0.2,1,residential,False
tc_863403257_863404000_0,863403257,863404000,130.66931720907724,13.411200000000001,0.2,1,residential,False
tc_863403264_190531730_0,863403264,190531730,82.57769722501018,13.411200000000001,0.2,1,residential,False
tc_863403264_863403257_0,863403264,863403257,60.35648920173446,13.411200000000001,0.2,1,residential,False
tc_863403264_863404000_0,863403264,863404000,120.24776366231842,13.411200000000001,0.2,1,residential,False
tc_863404000_863403257_0,863404000,863403257,130.66931720907724,13.411200000000001,0.2,1,residential,False
tc_863404000_863403264_0,863404000,863403264,120.24776366231842,13.411200000000001,0.2,1,residential,False
tc_863404000_863404289_0,863404000,863404289,15.485057769556967,13.411200000000001,0.2,1,residential,False
tc_863404289_863404000_0,863404289,863404000,15.485057769556967,13.411200000000001,0.2,1,residential,False
tc_863404289_863404293_0,863404289,863404293,32.290625907763214,13.411200000000001,0.2,1,residential,False
tc_863404289_863404435_0,863404289,863404435,24.214634757136583,13.411200000000001,0.2,1,residential,False
tc_863404293_863404289_0,863404293,863404289,32.290625907763214,13.411200000000001,0.2,1,residential,False
tc_863404435_863404289_0,863404435,863404289,24.214634757136583,13.411200000000001,0.2,1,residential,False
tc_863404873_190531723_0,863404873,190531723,71.61811420508245,13.411200000000001,0.2,1,residential,False
tc_863404873_863404878_0,863404873,863404878,82.24860032822703,13.411200000000001,0.2,1,residential,False
tc_863404873_863404997_0,863404873,863404997,43.162705714399415,13.411200000000001,0.2,1,residential,False
tc_863404878_863404873_0,863404878,863404873,82.24860032822701,13.411200000000001,0.2,1,residential,False
tc_863404878_863405139_0,863404878,863405139,32.60109407258177,13.411200000000001,0.2,1,residential,False
tc_863404878_863405141_0,863404878,863405141,64.95751253645336,13.411200000000001,0.2,1,residential,False
tc_863404997_863404873_0,863404997,863404873,43.162705714399415,13.411200000000001,0.2,1,residential,False
tc_863405139_863404878_0,863405139,863404878,32.60109407258177,13.411200000000001,0.2,1,residential,False
tc_863405141_863404878_0,863405141,863404878,64.95751253645336,13.411200000000001,0.2,1,residential,False
tc_8856171269_1596861450_0,8856171269,1596861450,59.097455385169894,8.88888888888889,0.2,1,unclassified,False
tc_885842628_691475165_0,885842628,691475165,32.092134422531885,13.411200000000001,0.2,1,residential,False
tc_8993552625_7521619353_0,8993552625,7521619353,101.32808806028956,8.940800000000001,0.2,1,unclassified,False
tc_9452529379_863385918_0,9452529379,863385918,60.47202885666598,13.411200000000001,0.2,1,residential,False
tc_9554344873_410182016_0,9554344873,410182016,152.20732076541594,13.411200000000001,0.2,1,residential,False
tc_9554344873_410182022_0,9554344873,410182022,78.55750509736248,13.411200000000001,0.2,1,residential,False
tc_9554344873_9554344877_0,9554344873,9554344877,149.49432033317893,8.88888888888889,0.2,1,residential,False
tc_9554344877_11305234656_0,9554344877,11305234656,273.04473190830873,8.88888888888889,0.2,1,residential,False
tc_9554344877_9554344873_0,9554344877,9554344873,149.49432033317893,8.88888888888889,0.2,1,residential,False
tc_9554344877_9554344887_0,9554344877,9554344887,200.40892242715125,8.88888888888889,0.2,1,residential,False
tc_9554344885_11305234656_0,9554344885,11305234656,19.360853211839515,8.88888888888889,0.2,1,residential,False
tc_9554344887_9554344877_0,9554344887,9554344877,200.40892242715125,8.88888888888889,0.2,1,residential,False
tc_9785409376_369817335_0,9785409376,369817335,30.276240155331124,13.411200000000001,0.2,1,residential,False
